order_id,order_date,customer_id,customer_name,region,product_category,product_name,quantity,unit_price,discount,total_sales,payment_method,delivery_status,order_year,order_month,segment
O-1000,2024-01-01,C-208,Jane Smith,South,Furniture,T-Shirt,10,805.52001953125,00:01:00,7974.64794921875,Credit Card,Pending,2024.0,1.0,Medium
O-1001,2024-01-02,C-365,Ali Hassan,North,Furnitre,Sofa,3,1550.010009765625,00:25:00,3487.5224609375,Cash,Cancelled,2024.0,1.0,Low
O-1002,2024-01-03,C-498,Jane Smith,West,Furniture,Laptop,1,1187.3800048828125,00:10:00,1068.6419677734375,Bank Transfer,Pending,2024.0,1.0,Low
O-1003,2024-01-04,C-371,Ali Hassan,East,Electronics,Headphones,2,932.3900146484375,00:07:00,1734.245361328125,Cash,Cancelled,2024.0,1.0,Low
O-1004,2024-01-05,C-218,Jane Smith,West,Clothing,Sofa,10,279.3699951171875,00:17:00,2318.77099609375,Cash,Returned,2024.0,1.0,Low
O-1005,2024-01-06,C-748,Jane Smith,East,Clothing,Laptop,10,976.8699951171875,00:02:00,9573.326171875,Credit Card,Cancelled,2024.0,1.0,High
O-1006,2024-01-07,C-703,Maria Garcia,West,Furnitre,Headphones,4,691.489990234375,00:23:00,2129.789306640625,PayPal,Pending,2024.0,1.0,Low
O-1007,2024-01-08,C-391,Fatima Noor,East,Electronics,Sofa,8,922.1599731445312,00:14:00,6344.4609375,Cash,Delivered,2024.0,1.0,High
O-1008,2024-01-09,C-694,Maria Garcia,East,Clothing,Laptop,9,155.11000061035156,00:27:00,1019.0726928710938,Bank Transfer,Pending,2024.0,1.0,Low
O-1009,2024-01-10,C-564,Unknown,North,Clothing,Rice Bag,6,1622.75,00:13:00,8470.7548828125,PayPal,Cancelled,2024.0,1.0,Medium
O-1010,2024-01-11,C-922,Fatima Noor,East,Groceries,Headphones,2,1060.0999755859375,00:10:00,1908.1800537109375,PayPal,Cancelled,2024.0,1.0,Low
O-1011,2024-01-12,C-664,Jane Smith,West,Furniture,Laptop,4,28.110000610351562,00:02:00,110.19120025634766,Credit Card,Returned,2024.0,1.0,Low
O-1012,2024-01-13,C-364,Jane Smith,North,Clothing,Rice Bag,8,352.0199890136719,00:11:00,2506.38232421875,Cash,Cancelled,2024.0,1.0,Low
O-1013,2024-01-14,C-333,Wei Chen,East,Electronics,Laptop,4,818.1099853515625,00:19:00,2650.676513671875,Credit Card,Pending,2024.0,1.0,Medium
O-1014,2024-01-15,C-910,Wei Chen,South,Clothing,Headphones,5,1974.6500244140625,00:25:00,7404.9375,Credit Card,Delivered,2024.0,1.0,High
O-1015,2024-01-16,C-129,Wei Chen,North,Clothing,Laptop,1,313.55999755859375,00:21:00,247.71240234375,Cash,Returned,2024.0,1.0,Low
O-1016,2024-01-17,C-206,Fatima Noor,North,Groceries,Sofa,7,1428.72998046875,00:30:00,7000.77685546875,PayPal,Returned,2024.0,1.0,Medium
O-1017,2024-01-18,C-747,Jane Smith,West,Furniture,Sofa,7,1124.3499755859375,00:11:00,7004.70068359375,Credit Card,Delivered,2024.0,1.0,Medium
O-1018,2024-01-19,C-123,Ali Hassan,South,Furnitre,Laptop,7,1070.050048828125,00:28:00,5393.0517578125,Bank Transfer,Returned,2024.0,1.0,Medium
O-1019,2024-01-20,C-924,Ali Hassan,North,Clothing,Table,9,182.50999450683594,00:02:00,1609.7381591796875,Bank Transfer,Delivered,2024.0,1.0,Low
O-1020,2024-01-21,C-313,Ali Hassan,East,Furnitre,Laptop,7,1767.239990234375,00:21:00,9772.8369140625,Bank Transfer,Pending,2024.0,1.0,Medium
O-1021,2024-01-22,C-886,Fatima Noor,North,Furnitre,Rice Bag,6,1072.030029296875,00:24:00,4888.45703125,Bank Transfer,Cancelled,2024.0,1.0,Medium
O-1022,2024-01-23,C-639,Ali Hassan,South,Groceries,T-Shirt,3,1446.1600341796875,00:19:00,3514.168701171875,Cash,Returned,2024.0,1.0,Low
O-1023,2024-01-24,C-344,Maria Garcia,North,Electronics,T-Shirt,4,1283.7900390625,00:27:00,3748.666748046875,PayPal,Returned,2024.0,1.0,Low
O-1024,2024-01-25,C-244,Ali Hassan,East,Furniture,Table,4,595.9600219726562,00:11:00,2121.61767578125,PayPal,Cancelled,2024.0,1.0,Low
O-1025,2024-01-26,C-980,Jane Smith,East,Electronics,Laptop,8,479.82000732421875,00:21:00,3032.46240234375,Credit Card,Pending,2024.0,1.0,Low
O-1026,2024-01-27,C-906,Maria Garcia,West,Clothing,T-Shirt,3,403.7699890136719,00:26:00,896.369384765625,Credit Card,Cancelled,2024.0,1.0,Low
O-1028,2024-01-29,C-282,Maria Garcia,North,Groceries,Laptop,8,1044.0799560546875,00:24:00,6348.00634765625,PayPal,Returned,2024.0,1.0,Medium
O-1030,2024-01-31,C-604,Unknown,East,Groceries,Rice Bag,2,167.36000061035156,00:04:00,321.3312072753906,Cash,Cancelled,2024.0,1.0,Low
O-1031,2024-02-01,C-582,Ali Hassan,West,Groceries,T-Shirt,10,1374.760009765625,00:28:00,9898.2724609375,Cash,Returned,2024.0,2.0,Medium
O-1032,2024-02-02,C-477,Ali Hassan,South,Groceries,Rice Bag,8,330.67999267578125,00:04:00,2539.622314453125,PayPal,Delivered,2024.0,2.0,Medium
O-1033,2024-02-03,C-951,Wei Chen,South,Clothing,T-Shirt,2,1739.8900146484375,00:13:00,3027.40869140625,Bank Transfer,Pending,2024.0,2.0,High
O-1034,2024-02-04,C-861,John Doe,East,Furniture,Sofa,10,1516.75,00:19:00,12285.6748046875,Bank Transfer,Delivered,2024.0,2.0,High
O-1035,2024-02-05,C-734,Maria Garcia,West,Electronics,Sofa,5,590.75,00:04:00,2835.60009765625,Credit Card,Delivered,2024.0,2.0,Low
O-1036,2024-02-06,C-898,Wei Chen,North,Furniture,T-Shirt,7,650.3900146484375,00:30:00,3186.910888671875,Credit Card,Returned,2024.0,2.0,Low
O-1037,2024-02-07,C-145,John Doe,South,Electronics,Sofa,6,774.0999755859375,00:02:00,4551.7080078125,Cash,Pending,2024.0,2.0,High
O-1038,2024-02-08,C-994,Jane Smith,West,Furnitre,Headphones,8,541.27001953125,00:23:00,3334.22314453125,PayPal,Cancelled,2024.0,2.0,Low
O-1039,2024-02-09,C-284,John Doe,North,Groceries,T-Shirt,8,879.9199829101562,00:13:00,6124.2431640625,Bank Transfer,Cancelled,2024.0,2.0,High
O-1040,2024-02-10,C-955,Maria Garcia,South,Electronics,T-Shirt,6,1005.1699829101562,00:08:00,5548.53857421875,Credit Card,Returned,2024.0,2.0,Medium
O-1041,2024-02-11,C-477,John Doe,South,Electronics,Rice Bag,4,788.6099853515625,00:02:00,3091.351318359375,PayPal,Delivered,2024.0,2.0,Medium
O-1042,,C-434,Fatima Noor,North,Groceries,Headphones,1,804.510009765625,00:16:00,675.7883911132812,Credit Card,Delivered,,,Medium
O-1043,2024-02-13,C-262,Ali Hassan,East,Furnitre,T-Shirt,8,750.3599853515625,00:10:00,5402.591796875,Bank Transfer,Returned,2024.0,2.0,High
O-1044,2024-02-14,C-415,John Doe,North,Clothing,T-Shirt,8,872.1699829101562,00:28:00,5023.69921875,PayPal,Returned,2024.0,2.0,Medium
O-1045,2024-02-15,C-736,Jane Smith,West,Furnitre,Headphones,9,406.6099853515625,00:14:00,3147.161376953125,Bank Transfer,Returned,2024.0,2.0,Medium
O-1046,2024-02-16,C-748,Wei Chen,West,Furnitre,Sofa,8,1749.6099853515625,00:29:00,9937.78515625,Cash,Returned,2024.0,2.0,High
O-1048,2024-02-18,C-464,John Doe,East,Electronics,T-Shirt,6,189.5399932861328,00:15:00,966.6539916992188,PayPal,Pending,2024.0,2.0,High
O-1049,2024-02-19,C-115,John Doe,West,Electronics,Laptop,3,1323.1600341796875,00:02:00,3890.09033203125,PayPal,Cancelled,2024.0,2.0,Medium
O-1050,2024-02-20,C-335,Jane Smith,West,Electronics,Table,7,1454.4000244140625,00:28:00,7330.17578125,Bank Transfer,Pending,2024.0,2.0,Medium
O-1051,2024-02-21,C-291,Ali Hassan,South,Electronics,Table,8,1840.5400390625,00:28:00,10601.5107421875,Bank Transfer,Pending,2024.0,2.0,High
O-1052,2024-02-22,C-835,Ali Hassan,West,Groceries,Laptop,6,163.41000366210938,00:16:00,823.58642578125,Credit Card,Pending,2024.0,2.0,Low
O-1053,2024-02-23,C-177,Ali Hassan,East,Clothing,Headphones,10,927.4099731445312,00:07:00,8624.9130859375,PayPal,Delivered,2024.0,2.0,Medium
O-1054,2024-02-24,C-345,Maria Garcia,East,Clothing,Laptop,6,755.0700073242188,00:17:00,3760.24853515625,PayPal,Cancelled,2024.0,2.0,Low
O-1055,2024-02-25,C-614,Ali Hassan,West,Electronics,Table,10,1764.6400146484375,00:08:00,16234.6884765625,Cash,Delivered,2024.0,2.0,High
O-1056,,C-728,John Doe,South,Groceries,Table,4,1872.0899658203125,00:06:00,7039.05859375,Cash,Returned,,,Medium
O-1057,2024-02-27,C-807,Ali Hassan,North,Groceries,Sofa,5,508.989990234375,00:21:00,2010.510498046875,PayPal,Cancelled,2024.0,2.0,Low
O-1058,2024-02-28,C-608,Wei Chen,South,Electronics,Table,5,179.5500030517578,00:09:00,816.9525146484375,Credit Card,Cancelled,2024.0,2.0,Low
O-1059,2024-02-29,C-741,John Doe,South,Furniture,T-Shirt,2,1885.6300048828125,00:28:00,2715.30712890625,PayPal,Pending,2024.0,2.0,Low
O-1060,2024-03-01,C-941,Ali Hassan,North,Groceries,Table,4,801.1199951171875,00:24:00,2435.40478515625,Credit Card,Pending,2024.0,3.0,Low
O-1061,2024-03-02,C-143,Jane Smith,North,Groceries,T-Shirt,1,32.119998931884766,00:07:00,29.871599197387695,Credit Card,Cancelled,2024.0,3.0,Low
O-1062,2024-03-03,C-311,Jane Smith,West,Furnitre,Laptop,8,110.5199966430664,00:01:00,875.3184204101562,Credit Card,Cancelled,2024.0,3.0,Low
O-1063,2024-03-04,C-876,John Doe,South,Furniture,Rice Bag,6,1852.27001953125,00:02:00,10891.34765625,Credit Card,Cancelled,2024.0,3.0,High
O-1064,2024-03-05,C-581,Wei Chen,East,Clothing,Sofa,6,478.9200134277344,00:21:00,2270.080810546875,Cash,Pending,2024.0,3.0,Low
O-1065,,C-992,Wei Chen,South,Electronics,Rice Bag,1,1629.81005859375,00:13:00,1417.9346923828125,Credit Card,Delivered,,,Low
O-1066,,C-444,Wei Chen,South,Other,T-Shirt,8,248.94000244140625,00:20:00,1593.2159423828125,Cash,Delivered,,,Low
O-1067,2024-03-08,C-920,Wei Chen,West,Other,Laptop,6,1049.1300048828125,00:26:00,4658.13720703125,Bank Transfer,Delivered,2024.0,3.0,Medium
O-1068,,C-526,Unknown,East,Furnitre,T-Shirt,6,922.7899780273438,00:26:00,4097.1875,PayPal,Cancelled,,,Medium
O-1069,2024-03-10,C-904,Jane Smith,West,Groceries,T-Shirt,1,802.3599853515625,00:23:00,617.8171997070312,Credit Card,Delivered,2024.0,3.0,Low
O-1070,2024-03-11,C-734,John Doe,North,Furniture,Rice Bag,4,420.9599914550781,00:23:00,1296.5567626953125,Credit Card,Cancelled,2024.0,3.0,Low
O-1071,2024-03-12,C-957,Ali Hassan,North,Groceries,Table,5,171.7899932861328,00:11:00,764.4655151367188,PayPal,Cancelled,2024.0,3.0,Low
O-1072,2024-03-13,C-410,Ali Hassan,North,Furnitre,Rice Bag,8,299.9700012207031,00:02:00,2351.764892578125,Cash,Returned,2024.0,3.0,High
O-1073,2024-03-14,C-903,Unknown,North,Groceries,Headphones,8,1250.5799560546875,00:29:00,7103.29443359375,Credit Card,Cancelled,2024.0,3.0,Medium
O-1074,2024-03-15,C-323,Fatima Noor,North,Groceries,Table,7,1191.6800537109375,00:06:00,7841.25439453125,Credit Card,Pending,2024.0,3.0,Medium
O-1075,2024-03-16,C-339,Ali Hassan,North,Groceries,Headphones,3,771.5499877929688,00:09:00,2106.33154296875,Credit Card,Delivered,2024.0,3.0,Low
O-1076,2024-03-17,C-644,Unknown,East,Other,Rice Bag,4,,00:27:00,,Cash,Returned,2024.0,3.0,Low
O-1077,2024-03-18,C-353,Jane Smith,West,Groceries,Sofa,2,1535.7099609375,00:19:00,2487.85009765625,Credit Card,Returned,2024.0,3.0,Medium
O-1079,2024-03-20,C-901,Ali Hassan,South,Furnitre,Laptop,8,983.1699829101562,00:12:00,6921.5166015625,Cash,Returned,2024.0,3.0,Medium
O-1080,2024-03-21,C-736,Ali Hassan,East,Furniture,Sofa,6,475.4800109863281,00:07:00,2653.178466796875,Cash,Returned,2024.0,3.0,Medium
O-1081,2024-03-22,C-739,John Doe,South,Groceries,Headphones,10,924.4000244140625,00:04:00,8874.240234375,Cash,Returned,2024.0,3.0,Medium
O-1082,2024-03-23,C-853,Jane Smith,North,Clothing,Table,9,1102.5400390625,00:10:00,8930.57421875,PayPal,Pending,2024.0,3.0,Medium
O-1083,2024-03-24,C-522,Jane Smith,South,Clothing,Laptop,2,1402.8399658203125,00:18:00,2300.65771484375,Credit Card,Delivered,2024.0,3.0,Low
O-1084,2024-03-25,C-358,Unknown,North,Electronics,Headphones,10,1514.68994140625,00:03:00,14692.4931640625,Bank Transfer,Pending,2024.0,3.0,High
O-1085,2024-03-26,C-499,Wei Chen,South,Furniture,Laptop,2,705.4500122070312,00:26:00,1044.0660400390625,Bank Transfer,Cancelled,2024.0,3.0,Low
O-1086,2024-03-27,C-861,Maria Garcia,East,Furnitre,Laptop,3,1951.3199462890625,00:25:00,4390.47021484375,PayPal,Returned,2024.0,3.0,High
O-1087,2024-03-28,C-701,Ali Hassan,South,Electronics,Table,7,1859.1600341796875,00:22:00,10151.013671875,Credit Card,Returned,2024.0,3.0,High
O-1088,2024-03-29,C-294,Wei Chen,West,Clothing,Rice Bag,8,1169.0799560546875,00:10:00,8417.3759765625,Bank Transfer,Pending,2024.0,3.0,Medium
O-1089,2024-03-30,C-612,Wei Chen,East,Electronics,T-Shirt,8,395.8500061035156,00:18:00,2596.77587890625,PayPal,Cancelled,2024.0,3.0,Low
O-1091,2024-04-01,C-831,Fatima Noor,South,Electronics,T-Shirt,5,1501.6700439453125,00:09:00,6832.5986328125,PayPal,Delivered,2024.0,4.0,Medium
O-1092,2024-04-02,C-616,Ali Hassan,East,Groceries,Headphones,7,1600.0999755859375,00:16:00,9408.587890625,PayPal,Pending,2024.0,4.0,Medium
O-1093,,C-465,Wei Chen,South,Electronics,Sofa,7,1635.4100341796875,00:22:00,8929.3388671875,Credit Card,Cancelled,,,Medium
O-1094,2024-04-04,C-190,Jane Smith,West,Clothing,Headphones,8,1396.7900390625,00:14:00,9609.9150390625,Cash,Cancelled,2024.0,4.0,Medium
O-1095,2024-04-05,C-634,Jane Smith,North,Furnitre,Headphones,7,1311.1300048828125,00:20:00,7342.328125,PayPal,Cancelled,2024.0,4.0,Medium
O-1096,2024-04-06,C-457,Jane Smith,East,Groceries,Sofa,8,1318.06005859375,00:22:00,8224.6943359375,PayPal,Delivered,2024.0,4.0,High
O-1097,2024-04-07,C-619,Maria Garcia,North,Furnitre,T-Shirt,2,1160.27001953125,00:18:00,1902.8427734375,Bank Transfer,Pending,2024.0,4.0,High
O-1098,2024-04-08,C-948,Maria Garcia,South,Electronics,Sofa,9,1086.1099853515625,00:19:00,7917.74169921875,Credit Card,Delivered,2024.0,4.0,Medium
O-1099,,C-548,Ali Hassan,South,Electronics,Rice Bag,3,1258.469970703125,00:25:00,2831.5576171875,Credit Card,Delivered,,,Low
O-1100,2024-04-10,C-568,Fatima Noor,East,Furniture,T-Shirt,5,1876.1300048828125,00:30:00,6566.455078125,Bank Transfer,Returned,2024.0,4.0,Medium
O-1102,2024-04-12,C-579,Maria Garcia,West,Electronics,T-Shirt,4,136.3300018310547,00:01:00,539.8668212890625,PayPal,Returned,2024.0,4.0,Low
O-1103,2024-04-13,C-738,Fatima Noor,South,Furniture,T-Shirt,3,832.0999755859375,00:09:00,2271.633056640625,Bank Transfer,Pending,2024.0,4.0,Low
O-1104,2024-04-14,C-518,Unknown,East,Clothing,Laptop,7,1339.4599609375,00:08:00,8626.1220703125,Bank Transfer,Delivered,2024.0,4.0,High
O-1105,2024-04-15,C-800,Fatima Noor,South,Electronics,Laptop,2,792.0999755859375,00:14:00,1362.4119873046875,Bank Transfer,Delivered,2024.0,4.0,Low
O-1106,2024-04-16,C-333,Fatima Noor,North,Clothing,Rice Bag,7,699.6099853515625,00:17:00,4064.734130859375,Bank Transfer,Cancelled,2024.0,4.0,Medium
O-1107,2024-04-17,C-142,Ali Hassan,North,Groceries,T-Shirt,1,1434.3499755859375,00:30:00,1004.0449829101562,Cash,Pending,2024.0,4.0,Low
O-1108,2024-04-18,C-802,John Doe,East,Furnitre,Sofa,1,1777.780029296875,00:24:00,1351.11279296875,Bank Transfer,Cancelled,2024.0,4.0,Low
O-1109,2024-04-19,C-871,Fatima Noor,North,Furniture,Laptop,2,1216.800048828125,00:12:00,2141.568115234375,Cash,Returned,2024.0,4.0,High
O-1110,2024-04-20,C-960,John Doe,East,Furnitre,Table,9,925.8200073242188,00:21:00,6582.580078125,Cash,Pending,2024.0,4.0,Medium
O-1111,2024-04-21,C-730,Maria Garcia,North,Electronics,T-Shirt,4,1043.77001953125,00:14:00,3590.56884765625,Cash,Returned,2024.0,4.0,Medium
O-1112,2024-04-22,C-805,Maria Garcia,East,Electronics,Rice Bag,6,649.9199829101562,00:19:00,3158.611083984375,PayPal,Pending,2024.0,4.0,Medium
O-1113,2024-04-23,C-957,Ali Hassan,West,Electronics,Table,4,630.9299926757812,00:08:00,2321.822509765625,Bank Transfer,Returned,2024.0,4.0,Low
O-1114,2024-04-24,C-617,Ali Hassan,North,Furnitre,Headphones,5,1413.6800537109375,00:04:00,6785.6640625,Cash,Delivered,2024.0,4.0,High
O-1116,2024-04-26,C-636,Jane Smith,South,Clothing,Laptop,8,145.27000427246094,00:14:00,999.4575805664062,Bank Transfer,Cancelled,2024.0,4.0,Low
O-1117,2024-04-27,C-773,Fatima Noor,North,Furniture,Headphones,7,734.5999755859375,00:21:00,4062.337890625,PayPal,Returned,2024.0,4.0,Low
O-1118,2024-04-28,C-984,Fatima Noor,North,Electronics,Laptop,4,941.4099731445312,00:18:00,3087.82470703125,Cash,Cancelled,2024.0,4.0,High
O-1119,2024-04-29,C-591,Wei Chen,North,Clothing,Sofa,4,1658.8199462890625,00:10:00,5971.751953125,Cash,Returned,2024.0,4.0,Medium
O-1120,2024-04-30,C-426,John Doe,North,Furniture,Headphones,7,546.4299926757812,00:09:00,3480.759033203125,Credit Card,Pending,2024.0,4.0,Low
O-1121,2024-05-01,C-797,Fatima Noor,West,Electronics,Rice Bag,10,1929.1099853515625,00:02:00,18905.27734375,PayPal,Delivered,2024.0,5.0,High
O-1122,2024-05-02,C-514,John Doe,North,Clothing,Rice Bag,10,903.6799926757812,00:05:00,8584.9599609375,Bank Transfer,Cancelled,2024.0,5.0,Medium
O-1123,2024-05-03,C-305,Wei Chen,North,Other,Headphones,9,53.540000915527344,00:03:00,467.4042053222656,PayPal,Pending,2024.0,5.0,Low
O-1124,2024-05-04,C-256,Unknown,West,Other,Laptop,4,711.530029296875,00:04:00,2732.275146484375,Credit Card,Pending,2024.0,5.0,High
O-1125,2024-05-05,C-303,Ali Hassan,North,Clothing,Laptop,6,147.9600067138672,00:15:00,754.5960083007812,PayPal,Pending,2024.0,5.0,Low
O-1126,2024-05-06,C-384,John Doe,South,Electronics,Laptop,8,1270.6400146484375,00:27:00,7420.53759765625,Cash,Cancelled,2024.0,5.0,Medium
O-1127,2024-05-07,C-464,Maria Garcia,North,Groceries,Laptop,9,1575.949951171875,00:22:00,11063.1689453125,Bank Transfer,Pending,2024.0,5.0,High
O-1128,,C-653,John Doe,South,Furniture,Laptop,4,1795.2900390625,00:09:00,6534.85546875,Credit Card,Returned,,,Medium
O-1129,2024-05-09,C-801,Jane Smith,East,Electronics,Sofa,7,1045.8599853515625,00:06:00,6881.7587890625,Credit Card,Returned,2024.0,5.0,Medium
O-1130,2024-05-10,C-471,John Doe,East,Other,T-Shirt,2,590.52001953125,00:16:00,992.0736083984375,PayPal,Returned,2024.0,5.0,Low
O-1131,2024-05-11,C-262,Maria Garcia,North,Electronics,Laptop,4,1888.510009765625,00:02:00,7402.958984375,Cash,Returned,2024.0,5.0,High
O-1132,2024-05-12,C-786,Fatima Noor,North,Electronics,Headphones,1,275.7200012207031,00:25:00,206.7899932861328,Credit Card,Cancelled,2024.0,5.0,Medium
O-1133,2024-05-13,C-337,Jane Smith,West,Clothing,Table,7,1619.010009765625,00:17:00,9406.4482421875,Cash,Delivered,2024.0,5.0,High
O-1134,2024-05-14,C-717,John Doe,East,Electronics,Sofa,6,533.4500122070312,00:18:00,2624.573974609375,Credit Card,Delivered,2024.0,5.0,Low
O-1135,2024-05-15,C-843,Fatima Noor,North,Groceries,T-Shirt,3,379.4100036621094,00:13:00,990.2600708007812,Credit Card,Delivered,2024.0,5.0,Low
O-1136,2024-05-16,C-490,John Doe,West,Electronics,Table,10,1093.3499755859375,00:19:00,8856.134765625,Bank Transfer,Delivered,2024.0,5.0,Medium
O-1137,2024-05-17,C-640,John Doe,South,Furniture,Laptop,7,422.1700134277344,00:18:00,2423.255859375,Credit Card,Cancelled,2024.0,5.0,Low
O-1138,2024-05-18,C-894,Wei Chen,East,Electronics,Table,2,541.77001953125,00:18:00,888.5028076171875,PayPal,Returned,2024.0,5.0,Low
O-1139,2024-05-19,C-688,Fatima Noor,South,Furnitre,Rice Bag,3,464.0899963378906,00:06:00,1308.7337646484375,Cash,Cancelled,2024.0,5.0,Low
O-1140,2024-05-20,C-897,John Doe,North,Furnitre,T-Shirt,8,1634.9200439453125,00:20:00,10463.48828125,Credit Card,Pending,2024.0,5.0,High
O-1141,2024-05-21,C-814,Wei Chen,West,Electronics,T-Shirt,2,406.3800048828125,00:04:00,780.2495727539062,Credit Card,Cancelled,2024.0,5.0,Low
O-1142,2024-05-22,C-748,Wei Chen,South,Electronics,Rice Bag,5,1220.1600341796875,00:26:00,4514.591796875,Bank Transfer,Pending,2024.0,5.0,High
O-1143,2024-05-23,C-991,Fatima Noor,East,Electronics,Laptop,1,111.80000305175781,00:00:00,111.80000305175781,Credit Card,Cancelled,2024.0,5.0,Low
O-1144,2024-05-24,C-836,John Doe,North,Electronics,Rice Bag,4,1302.1500244140625,00:28:00,3750.19189453125,Cash,Delivered,2024.0,5.0,High
O-1145,2024-05-25,C-441,Maria Garcia,South,Electronics,Headphones,7,328.5400085449219,00:21:00,1816.826171875,Bank Transfer,Delivered,2024.0,5.0,Low
O-1146,2024-05-26,C-115,Wei Chen,North,Groceries,T-Shirt,6,1235.300048828125,00:25:00,5558.85009765625,Credit Card,Cancelled,2024.0,5.0,Medium
O-1147,2024-05-27,C-274,Wei Chen,South,Groceries,Rice Bag,5,1372.1600341796875,00:22:00,5351.423828125,Credit Card,Delivered,2024.0,5.0,Medium
O-1148,,C-602,Jane Smith,East,Furniture,Laptop,3,1500.510009765625,00:10:00,4051.376953125,PayPal,Cancelled,,,Low
O-1149,,C-353,Wei Chen,North,Furniture,T-Shirt,2,1994.7099609375,00:06:00,3750.0546875,Credit Card,Cancelled,,,Medium
O-1150,2024-05-30,C-974,Fatima Noor,East,Furnitre,T-Shirt,4,754.219970703125,00:22:00,2353.16650390625,Cash,Cancelled,2024.0,5.0,Low
O-1151,2024-05-31,C-471,Wei Chen,West,Electronics,T-Shirt,10,472.80999755859375,00:26:00,3498.7939453125,Cash,Delivered,2024.0,5.0,Low
O-1152,2024-06-01,C-978,Fatima Noor,South,Furniture,Headphones,10,603.780029296875,00:05:00,5735.91015625,Credit Card,Returned,2024.0,6.0,Medium
O-1153,2024-06-02,C-599,Wei Chen,South,Electronics,T-Shirt,9,1222.5,00:20:00,8802.0,Cash,Delivered,2024.0,6.0,Medium
O-1154,2024-06-03,C-849,Ali Hassan,South,Other,Headphones,4,1476.1500244140625,00:06:00,5550.32421875,PayPal,Returned,2024.0,6.0,Medium
O-1155,,C-424,Unknown,West,Clothing,Sofa,1,322.1600036621094,00:07:00,299.6087951660156,Bank Transfer,Pending,,,Medium
O-1156,2024-06-05,C-745,Jane Smith,East,Furniture,Laptop,9,395.6700134277344,00:25:00,2670.7724609375,Cash,Delivered,2024.0,6.0,Low
O-1157,2024-06-06,C-653,John Doe,East,Electronics,Sofa,3,107.69999694824219,00:02:00,316.63800048828125,PayPal,Cancelled,2024.0,6.0,Medium
O-1158,2024-06-07,C-559,Jane Smith,North,Furniture,Rice Bag,9,21.110000610351562,00:00:00,189.99000549316406,Cash,Delivered,2024.0,6.0,Low
O-1159,2024-06-08,C-704,Maria Garcia,West,Furnitre,T-Shirt,4,1256.1700439453125,00:13:00,4371.4716796875,Cash,Delivered,2024.0,6.0,Low
O-1160,2024-06-09,C-550,Wei Chen,North,Clothing,Rice Bag,4,29.420000076293945,00:21:00,92.96720123291016,Cash,Pending,2024.0,6.0,Medium
O-1161,2024-06-10,C-765,Maria Garcia,South,Furnitre,Headphones,1,1780.3199462890625,00:01:00,1762.516845703125,Cash,Cancelled,2024.0,6.0,Medium
O-1162,2024-06-11,C-771,Maria Garcia,North,Furniture,T-Shirt,3,590.489990234375,00:08:00,1629.75244140625,Credit Card,Delivered,2024.0,6.0,Low
O-1163,2024-06-12,C-385,Fatima Noor,West,Electronics,Headphones,9,395.6199951171875,00:27:00,2599.223388671875,Credit Card,Delivered,2024.0,6.0,High
O-1164,2024-06-13,C-551,Ali Hassan,South,Furnitre,Laptop,3,164.16000366210938,00:22:00,384.1343994140625,Bank Transfer,Returned,2024.0,6.0,Low
O-1165,2024-06-14,C-730,Ali Hassan,North,Groceries,Table,10,395.17999267578125,00:09:00,3596.137939453125,Cash,Delivered,2024.0,6.0,Medium
O-1166,2024-06-15,C-181,Maria Garcia,East,Furniture,T-Shirt,2,1251.1500244140625,00:20:00,2001.8399658203125,Credit Card,Pending,2024.0,6.0,Low
O-1167,2024-06-16,C-631,Ali Hassan,East,Groceries,Table,9,1293.52001953125,00:25:00,8731.259765625,Credit Card,Returned,2024.0,6.0,Medium
O-1168,2024-06-17,C-626,Maria Garcia,North,Electronics,Sofa,5,1489.9100341796875,00:12:00,6555.60400390625,Cash,Delivered,2024.0,6.0,Medium
O-1169,2024-06-18,C-916,Ali Hassan,North,Furnitre,Rice Bag,5,642.239990234375,00:02:00,3146.97607421875,Credit Card,Returned,2024.0,6.0,Low
O-1170,2024-06-19,C-624,John Doe,East,Electronics,T-Shirt,10,928.1099853515625,00:06:00,8724.234375,PayPal,Returned,2024.0,6.0,High
O-1171,2024-06-20,C-838,Jane Smith,North,Electronics,Sofa,3,146.8000030517578,00:24:00,334.7040100097656,Cash,Pending,2024.0,6.0,Low
O-1172,2024-06-21,C-569,Jane Smith,West,Clothing,T-Shirt,8,1617.969970703125,00:26:00,9578.3828125,Credit Card,Delivered,2024.0,6.0,Medium
O-1173,2024-06-22,C-385,Maria Garcia,East,Electronics,Laptop,3,1388.93994140625,00:12:00,3666.801513671875,Bank Transfer,Cancelled,2024.0,6.0,High
O-1174,2024-06-23,C-140,Maria Garcia,North,Furniture,Headphones,7,1125.7099609375,00:19:00,6382.77587890625,Credit Card,Cancelled,2024.0,6.0,Medium
O-1175,2024-06-24,C-540,Fatima Noor,North,Furniture,T-Shirt,3,27.5,00:19:00,66.82499694824219,Cash,Returned,2024.0,6.0,Low
O-1176,2024-06-25,C-975,Jane Smith,East,Groceries,Rice Bag,2,1370.6099853515625,00:19:00,2220.38818359375,Bank Transfer,Returned,2024.0,6.0,Low
O-1177,2024-06-26,C-868,Maria Garcia,East,Furniture,T-Shirt,9,1708.0799560546875,00:08:00,14142.90234375,Credit Card,Delivered,2024.0,6.0,High
O-1178,2024-06-27,C-727,Ali Hassan,North,Furnitre,Table,8,1183.550048828125,00:29:00,6722.56396484375,Cash,Pending,2024.0,6.0,Medium
O-1179,2024-06-28,C-116,Ali Hassan,North,Other,T-Shirt,1,1555.3800048828125,00:10:00,1399.842041015625,Bank Transfer,Pending,2024.0,6.0,Low
O-1180,2024-06-29,C-673,John Doe,West,Electronics,Laptop,8,1786.4599609375,00:10:00,12862.51171875,PayPal,Returned,2024.0,6.0,High
O-1181,2024-06-30,C-661,John Doe,West,Groceries,Laptop,3,1521.300048828125,00:27:00,3331.64697265625,Credit Card,Pending,2024.0,6.0,Medium
O-1183,2024-07-02,C-380,Jane Smith,South,Furniture,Laptop,2,172.55999755859375,00:00:00,345.1199951171875,PayPal,Cancelled,2024.0,7.0,Low
O-1185,2024-07-04,C-659,Maria Garcia,West,Furnitre,Rice Bag,2,676.0900268554688,00:14:00,1162.874755859375,Cash,Cancelled,2024.0,7.0,Low
O-1186,2024-07-05,C-457,Maria Garcia,West,Electronics,Sofa,7,173.94000244140625,00:29:00,864.4818115234375,PayPal,Cancelled,2024.0,7.0,High
O-1187,2024-07-06,C-399,John Doe,East,Electronics,Sofa,4,244.4199981689453,00:14:00,840.8048095703125,Credit Card,Returned,2024.0,7.0,Low
O-1188,2024-07-07,C-517,Fatima Noor,East,Other,Laptop,3,1135.3499755859375,00:27:00,2486.41650390625,Credit Card,Delivered,2024.0,7.0,Low
O-1189,,C-192,Ali Hassan,West,Furniture,Rice Bag,3,13.930000305175781,00:13:00,36.3572998046875,Bank Transfer,Cancelled,,,Low
O-1190,2024-07-09,C-299,Ali Hassan,South,Electronics,Sofa,4,263.6400146484375,00:06:00,991.286376953125,PayPal,Delivered,2024.0,7.0,Low
O-1191,2024-07-10,C-462,Maria Garcia,West,Clothing,T-Shirt,6,358.6499938964844,00:16:00,1807.595947265625,Credit Card,Pending,2024.0,7.0,Low
O-1192,2024-07-11,C-555,Fatima Noor,South,Furnitre,Headphones,6,698.3400268554688,00:15:00,3561.533935546875,Credit Card,Cancelled,2024.0,7.0,Low
O-1193,2024-07-12,C-878,Jane Smith,West,Groceries,Sofa,6,1439.9000244140625,00:08:00,7948.248046875,PayPal,Pending,2024.0,7.0,Medium
O-1194,2024-07-13,C-765,Unknown,North,Other,Sofa,8,772.75,00:23:00,4760.14013671875,Bank Transfer,Pending,2024.0,7.0,Medium
O-1195,2024-07-14,C-518,John Doe,West,Groceries,Laptop,8,1937.010009765625,00:04:00,14876.236328125,Credit Card,Delivered,2024.0,7.0,High
O-1196,2024-07-15,C-864,Ali Hassan,North,Furnitre,Table,3,758.2100219726562,00:04:00,2183.644775390625,PayPal,Returned,2024.0,7.0,Low
O-1197,2024-07-16,C-482,John Doe,South,Electronics,Sofa,7,619.3400268554688,00:11:00,3858.48828125,Cash,Pending,2024.0,7.0,Low
O-1198,2024-07-17,C-199,John Doe,North,Electronics,T-Shirt,2,1730.31005859375,00:08:00,3183.7705078125,PayPal,Cancelled,2024.0,7.0,Low
O-1199,2024-07-18,C-814,Fatima Noor,North,Clothing,Table,8,183.3699951171875,00:00:00,1466.9599609375,PayPal,Delivered,2024.0,7.0,Low
O-1200,2024-07-19,C-377,Jane Smith,North,Groceries,Headphones,5,1071.8800048828125,00:11:00,4769.8662109375,Bank Transfer,Pending,2024.0,7.0,Medium
O-1201,2024-07-20,C-807,John Doe,West,Groceries,Rice Bag,5,22.420000076293945,00:15:00,95.28500366210938,Bank Transfer,Pending,2024.0,7.0,Low
O-1202,2024-07-21,C-788,Jane Smith,South,Electronics,Headphones,8,297.9700012207031,00:04:00,2288.40966796875,Bank Transfer,Delivered,2024.0,7.0,Low
O-1203,2024-07-22,C-329,Wei Chen,South,Groceries,Table,2,1092.550048828125,00:29:00,1551.4210205078125,PayPal,Cancelled,2024.0,7.0,Low
O-1204,2024-07-23,C-530,Jane Smith,East,Groceries,Sofa,4,133.44000244140625,00:23:00,410.9952087402344,Cash,Pending,2024.0,7.0,Low
O-1205,2024-07-24,C-242,Ali Hassan,East,Furnitre,T-Shirt,4,1194.550048828125,00:24:00,3631.431884765625,PayPal,Cancelled,2024.0,7.0,Low
O-1206,2024-07-25,C-550,Wei Chen,West,Clothing,Table,7,242.52999877929688,00:25:00,1273.282470703125,Bank Transfer,Cancelled,2024.0,7.0,Medium
O-1207,2024-07-26,C-337,Jane Smith,North,Furniture,Headphones,7,1159.43994140625,00:08:00,7466.79345703125,Credit Card,Returned,2024.0,7.0,High
O-1209,2024-07-28,C-900,Maria Garcia,South,Clothing,Sofa,8,1961.52001953125,00:18:00,12867.5712890625,Bank Transfer,Pending,2024.0,7.0,High
O-1210,2024-07-29,C-391,Fatima Noor,East,Groceries,Headphones,7,780.5999755859375,00:27:00,3988.865966796875,Bank Transfer,Delivered,2024.0,7.0,High
O-1211,2024-07-30,C-329,John Doe,West,Electronics,Headphones,2,544.0399780273438,00:02:00,1066.318359375,Bank Transfer,Returned,2024.0,7.0,Low
O-1212,2024-07-31,C-270,Maria Garcia,North,Groceries,Table,8,1118.530029296875,00:01:00,8858.7578125,Cash,Cancelled,2024.0,7.0,Medium
O-1213,2024-08-01,C-362,Fatima Noor,South,Furnitre,Headphones,6,1209.9000244140625,00:28:00,5226.76806640625,Credit Card,Delivered,2024.0,8.0,Medium
O-1214,2024-08-02,C-709,Maria Garcia,South,Electronics,Rice Bag,9,1214.97998046875,00:03:00,10606.775390625,Bank Transfer,Delivered,2024.0,8.0,High
O-1215,2024-08-03,C-951,Fatima Noor,East,Electronics,Laptop,10,1867.3299560546875,00:14:00,16059.0380859375,PayPal,Pending,2024.0,8.0,High
O-1216,2024-08-04,C-457,Jane Smith,East,Electronics,T-Shirt,9,1006.2000122070312,00:20:00,7244.64013671875,Credit Card,Cancelled,2024.0,8.0,High
O-1217,2024-08-05,C-943,John Doe,East,Furniture,T-Shirt,5,1209.31005859375,00:14:00,5200.033203125,Credit Card,Cancelled,2024.0,8.0,Medium
O-1219,,C-794,Wei Chen,West,Groceries,Sofa,1,100.26000213623047,00:12:00,88.22879791259766,Bank Transfer,Pending,,,Low
O-1220,2024-08-08,C-304,Wei Chen,West,Groceries,T-Shirt,4,192.55999755859375,00:18:00,631.5968017578125,Cash,Pending,2024.0,8.0,Low
O-1221,2024-08-09,C-718,Ali Hassan,West,Clothing,Laptop,10,384.1199951171875,00:23:00,2957.72412109375,PayPal,Delivered,2024.0,8.0,Low
O-1222,2024-08-10,C-871,Jane Smith,East,Furnitre,Laptop,7,1594.4000244140625,00:12:00,9821.50390625,Credit Card,Delivered,2024.0,8.0,High
O-1223,2024-08-11,C-413,Ali Hassan,North,Electronics,T-Shirt,7,1202.969970703125,00:08:00,7747.126953125,PayPal,Returned,2024.0,8.0,Medium
O-1224,2024-08-12,C-697,John Doe,North,Furniture,Rice Bag,2,1659.6099853515625,00:29:00,2356.646240234375,Bank Transfer,Delivered,2024.0,8.0,Low
O-1225,2024-08-13,C-712,Wei Chen,West,Electronics,Sofa,6,1542.9300537109375,00:14:00,7961.51904296875,Bank Transfer,Returned,2024.0,8.0,Medium
O-1226,2024-08-14,C-267,John Doe,East,Furnitre,Laptop,9,1546.56005859375,00:12:00,12248.7548828125,Bank Transfer,Returned,2024.0,8.0,High
O-1227,,C-463,Maria Garcia,South,Furnitre,Rice Bag,2,1682.7900390625,00:21:00,2658.80810546875,Cash,Cancelled,,,Low
O-1228,2024-08-16,C-866,Jane Smith,East,Furniture,T-Shirt,5,652.47998046875,00:05:00,3099.280029296875,Bank Transfer,Returned,2024.0,8.0,Low
O-1229,2024-08-17,C-538,Ali Hassan,West,Clothing,Headphones,1,543.72998046875,00:16:00,456.7331848144531,Cash,Cancelled,2024.0,8.0,Low
O-1230,2024-08-18,C-424,John Doe,West,Groceries,Rice Bag,6,1205.6099853515625,00:25:00,5425.2451171875,Cash,Returned,2024.0,8.0,Medium
O-1231,2024-08-19,C-731,Wei Chen,West,Electronics,Rice Bag,9,501.8699951171875,00:12:00,3974.810302734375,Cash,Delivered,2024.0,8.0,Medium
O-1232,2024-08-20,C-596,Jane Smith,West,Furniture,Laptop,8,117.27999877929688,00:14:00,806.8864135742188,Credit Card,Pending,2024.0,8.0,Low
O-1233,2024-08-21,C-497,Wei Chen,North,Groceries,Headphones,2,1502.1199951171875,00:06:00,2823.985595703125,PayPal,Returned,2024.0,8.0,Low
O-1234,2024-08-22,C-201,Wei Chen,East,Furnitre,Sofa,6,363.3299865722656,00:29:00,1547.7857666015625,PayPal,Cancelled,2024.0,8.0,Low
O-1235,2024-08-23,C-212,John Doe,North,Clothing,Laptop,4,420.7200012207031,00:22:00,1312.6463623046875,PayPal,Returned,2024.0,8.0,Low
O-1236,2024-08-24,C-275,Fatima Noor,East,Furniture,Sofa,7,1996.719970703125,00:08:00,12858.876953125,PayPal,Pending,2024.0,8.0,High
O-1237,2024-08-25,C-134,Fatima Noor,East,Other,Headphones,2,222.4199981689453,00:25:00,333.6300048828125,Bank Transfer,Returned,2024.0,8.0,Low
O-1239,2024-08-27,C-169,Wei Chen,West,Electronics,Laptop,8,1208.0400390625,00:16:00,8118.02880859375,Cash,Delivered,2024.0,8.0,Medium
O-1240,2024-08-28,C-857,Ali Hassan,South,Groceries,Sofa,8,157.4499969482422,00:17:00,1045.468017578125,PayPal,Cancelled,2024.0,8.0,Low
O-1241,2024-08-29,C-868,Maria Garcia,West,Furniture,Laptop,9,459.010009765625,00:30:00,2891.762939453125,Bank Transfer,Pending,2024.0,8.0,High
O-1242,2024-08-30,C-493,Maria Garcia,West,Furniture,Sofa,5,1548.1099853515625,00:25:00,5805.41259765625,Credit Card,Cancelled,2024.0,8.0,Medium
O-1243,2024-08-31,C-615,Fatima Noor,East,Furnitre,Sofa,3,1478.9000244140625,00:19:00,3593.72705078125,Credit Card,Cancelled,2024.0,8.0,Low
O-1244,2024-09-01,C-383,Ali Hassan,South,Furnitre,Headphones,2,570.6500244140625,00:03:00,1107.06103515625,Credit Card,Delivered,2024.0,9.0,Low
O-1245,2024-09-02,C-320,John Doe,South,Furniture,Headphones,9,1409.739990234375,00:06:00,11926.400390625,Credit Card,Pending,2024.0,9.0,High
O-1246,2024-09-03,C-537,Jane Smith,North,Clothing,Rice Bag,1,51.84000015258789,00:01:00,51.32160186767578,PayPal,Cancelled,2024.0,9.0,Low
O-1248,2024-09-05,C-574,John Doe,East,Furniture,Headphones,1,192.72999572753906,00:20:00,154.1840057373047,Cash,Returned,2024.0,9.0,Low
O-1249,2024-09-06,C-715,Fatima Noor,North,Groceries,Sofa,3,1779.0699462890625,00:17:00,4429.88427734375,Credit Card,Delivered,2024.0,9.0,Low
O-1250,2024-09-07,C-886,Jane Smith,North,Electronics,Sofa,7,354.260009765625,00:03:00,2405.42529296875,Credit Card,Returned,2024.0,9.0,Medium
O-1251,2024-09-08,C-950,John Doe,South,Electronics,Table,8,312.9200134277344,00:20:00,2002.68798828125,Bank Transfer,Cancelled,2024.0,9.0,Low
O-1252,2024-09-09,C-505,Maria Garcia,West,Electronics,T-Shirt,5,617.5599975585938,00:15:00,2624.6298828125,Credit Card,Pending,2024.0,9.0,Low
O-1253,2024-09-10,C-252,Fatima Noor,South,Electronics,Table,6,1577.6500244140625,00:11:00,8424.6513671875,Bank Transfer,Delivered,2024.0,9.0,Medium
O-1254,2024-09-11,C-468,Maria Garcia,East,Clothing,Laptop,4,1648.9000244140625,00:24:00,5012.65576171875,Credit Card,Returned,2024.0,9.0,Medium
O-1255,2024-09-12,C-536,Jane Smith,East,Groceries,Laptop,7,897.4299926757812,00:27:00,4585.8671875,Cash,Delivered,2024.0,9.0,Low
O-1256,2024-09-13,C-839,John Doe,West,Furnitre,Rice Bag,10,1240.27001953125,00:23:00,9550.0791015625,Bank Transfer,Returned,2024.0,9.0,Medium
O-1258,2024-09-15,C-274,Ali Hassan,West,Groceries,Headphones,2,1457.18994140625,00:03:00,2826.948486328125,Bank Transfer,Cancelled,2024.0,9.0,Medium
O-1260,2024-09-17,C-781,Maria Garcia,North,Electronics,Laptop,8,1578.3900146484375,00:24:00,9596.611328125,Bank Transfer,Returned,2024.0,9.0,Medium
O-1261,2024-09-18,C-235,Fatima Noor,North,Furnitre,Sofa,2,1479.3699951171875,00:28:00,2130.292724609375,PayPal,Delivered,2024.0,9.0,Low
O-1262,2024-09-19,C-452,Fatima Noor,South,Furniture,Headphones,4,414.57000732421875,00:00:00,1658.280029296875,PayPal,Delivered,2024.0,9.0,Low
O-1263,2024-09-20,C-222,Ali Hassan,South,Furnitre,T-Shirt,7,406.1300048828125,00:08:00,2615.477294921875,Bank Transfer,Pending,2024.0,9.0,Medium
O-1264,2024-09-21,C-633,Maria Garcia,South,Electronics,Laptop,7,1797.6199951171875,00:19:00,10192.505859375,Bank Transfer,Returned,2024.0,9.0,High
O-1265,2024-09-22,C-494,Ali Hassan,West,Clothing,Rice Bag,2,1474.800048828125,00:11:00,2625.14404296875,Cash,Delivered,2024.0,9.0,Low
O-1266,2024-09-23,C-805,Maria Garcia,West,Clothing,Headphones,4,753.6300048828125,00:02:00,2954.2294921875,PayPal,Returned,2024.0,9.0,Medium
O-1268,2024-09-25,C-984,Ali Hassan,West,Electronics,Headphones,9,1227.969970703125,00:26:00,8178.2802734375,Cash,Delivered,2024.0,9.0,High
O-1269,2024-09-26,C-189,Ali Hassan,South,Furnitre,T-Shirt,4,50.66999816894531,00:29:00,143.90280151367188,PayPal,Delivered,2024.0,9.0,Low
O-1270,2024-09-27,C-910,Maria Garcia,West,Groceries,Laptop,4,1975.9300537109375,00:27:00,5769.7158203125,Bank Transfer,Returned,2024.0,9.0,High
O-1271,2024-09-28,C-731,Fatima Noor,South,Clothing,Headphones,2,1395.31005859375,00:03:00,2706.9013671875,Bank Transfer,Returned,2024.0,9.0,Medium
O-1272,2024-09-29,C-726,Fatima Noor,West,Electronics,Headphones,10,1430.0899658203125,00:09:00,13013.8193359375,Bank Transfer,Delivered,2024.0,9.0,High
O-1274,2024-10-01,C-979,Fatima Noor,East,Electronics,Table,2,814.8099975585938,00:03:00,1580.7314453125,PayPal,Cancelled,2024.0,10.0,High
O-1275,,C-786,John Doe,East,Furniture,Headphones,7,1105.22998046875,00:09:00,7040.31494140625,Bank Transfer,Pending,,,Medium
O-1276,2024-10-03,C-655,Maria Garcia,North,Furniture,Table,5,1220.3699951171875,00:15:00,5186.572265625,Bank Transfer,Returned,2024.0,10.0,Medium
O-1277,2024-10-04,C-716,Wei Chen,West,Groceries,T-Shirt,2,1637.280029296875,00:04:00,3143.57763671875,Cash,Delivered,2024.0,10.0,Low
O-1278,2024-10-05,C-286,Wei Chen,South,Furnitre,Headphones,7,1726.4599609375,00:04:00,11601.8115234375,Cash,Delivered,2024.0,10.0,High
O-1279,2024-10-06,C-119,John Doe,North,Furnitre,Rice Bag,3,494.3500061035156,00:23:00,1141.948486328125,PayPal,Cancelled,2024.0,10.0,Low
O-1280,2024-10-07,C-157,Unknown,North,Clothing,Sofa,5,1848.8499755859375,00:06:00,8689.5947265625,PayPal,Cancelled,2024.0,10.0,Medium
O-1281,2024-10-08,C-302,Jane Smith,South,Furnitre,Headphones,1,1963.77001953125,00:00:00,1963.77001953125,Bank Transfer,Pending,2024.0,10.0,Medium
O-1282,2024-10-09,C-821,John Doe,East,Electronics,Table,4,1116.8499755859375,00:19:00,3618.593994140625,Bank Transfer,Returned,2024.0,10.0,Low
O-1283,2024-10-10,C-342,Fatima Noor,East,Furniture,Laptop,8,896.530029296875,00:30:00,5020.56787109375,Credit Card,Delivered,2024.0,10.0,Medium
O-1284,,C-138,Jane Smith,North,Furnitre,Laptop,8,1362.6700439453125,00:00:00,10901.3603515625,Bank Transfer,Pending,,,High
O-1285,2024-10-12,C-509,Maria Garcia,North,Groceries,Table,1,1999.6300048828125,00:17:00,1659.69287109375,Credit Card,Pending,2024.0,10.0,Low
O-1286,2024-10-13,C-552,Maria Garcia,South,Electronics,T-Shirt,1,968.4099731445312,00:26:00,716.6234130859375,Credit Card,Returned,2024.0,10.0,Low
O-1287,2024-10-14,C-301,Fatima Noor,North,Groceries,Rice Bag,8,1732.3399658203125,00:25:00,10394.0400390625,PayPal,Returned,2024.0,10.0,High
O-1288,2024-10-15,C-288,Fatima Noor,North,Furniture,Table,5,1794.8599853515625,00:07:00,8346.0986328125,Cash,Returned,2024.0,10.0,Medium
O-1289,2024-10-16,C-874,Jane Smith,East,Electronics,Headphones,6,744.2000122070312,00:02:00,4375.89599609375,Cash,Delivered,2024.0,10.0,Low
O-1290,2024-10-17,C-624,Wei Chen,East,Electronics,Sofa,5,1025.1700439453125,00:22:00,3998.1630859375,PayPal,Returned,2024.0,10.0,High
O-1291,2024-10-18,C-516,Fatima Noor,East,Furnitre,Laptop,7,252.16000366210938,00:13:00,1535.6544189453125,Cash,Cancelled,2024.0,10.0,High
O-1292,2024-10-19,C-647,Ali Hassan,East,Groceries,Laptop,9,238.3699951171875,00:16:00,1802.0771484375,Credit Card,Delivered,2024.0,10.0,Low
O-1293,2024-10-20,C-632,Wei Chen,West,Clothing,T-Shirt,8,456.8800048828125,00:00:00,3655.0400390625,Credit Card,Delivered,2024.0,10.0,Low
O-1294,2024-10-21,C-668,Ali Hassan,West,Furnitre,Laptop,7,1496.6199951171875,00:04:00,10057.2861328125,PayPal,Returned,2024.0,10.0,High
O-1295,,C-850,Wei Chen,North,Electronics,Headphones,8,979.6300048828125,00:02:00,7680.29931640625,Bank Transfer,Returned,,,Medium
O-1296,2024-10-23,C-547,Wei Chen,East,Other,Sofa,10,1227.2099609375,00:09:00,11167.611328125,PayPal,Delivered,2024.0,10.0,High
O-1297,2024-10-24,C-544,Wei Chen,North,Electronics,Laptop,4,645.8699951171875,00:26:00,1911.775146484375,Cash,Delivered,2024.0,10.0,Low
O-1298,2024-10-25,C-661,Wei Chen,South,Electronics,Laptop,9,765.2899780273438,00:24:00,5234.58349609375,Bank Transfer,Returned,2024.0,10.0,Medium
O-1299,2024-10-26,C-550,Wei Chen,North,Electronics,Laptop,4,1177.0400390625,00:12:00,4143.1806640625,Bank Transfer,Pending,2024.0,10.0,Medium
O-1300,2024-10-27,C-782,Fatima Noor,East,Clothing,Sofa,10,45.68000030517578,00:17:00,379.1440124511719,Credit Card,Pending,2024.0,10.0,High
O-1301,2024-10-28,C-622,Jane Smith,West,Furniture,Laptop,7,1948.6700439453125,00:05:00,12958.6552734375,Credit Card,Returned,2024.0,10.0,High
O-1302,2024-10-29,C-586,John Doe,North,Groceries,Table,7,1762.260009765625,00:15:00,10485.447265625,PayPal,Returned,2024.0,10.0,High
O-1303,2024-10-30,C-906,John Doe,East,Furniture,Headphones,1,1119.010009765625,00:04:00,1074.2496337890625,Cash,Returned,2024.0,10.0,Low
O-1304,2024-10-31,C-195,Jane Smith,East,Furnitre,Laptop,5,494.69000244140625,00:21:00,1954.0255126953125,PayPal,Pending,2024.0,10.0,Low
O-1305,2024-11-01,C-958,Maria Garcia,South,Groceries,Laptop,10,1967.1400146484375,00:18:00,16130.5478515625,Bank Transfer,Pending,2024.0,11.0,High
O-1306,2024-11-02,C-690,Fatima Noor,North,Other,Laptop,7,683.4099731445312,00:06:00,4496.837890625,Cash,Pending,2024.0,11.0,High
O-1307,2024-11-03,C-245,Ali Hassan,South,Electronics,T-Shirt,1,1546.010009765625,00:03:00,1499.6297607421875,Cash,Pending,2024.0,11.0,Low
O-1308,2024-11-04,C-455,Jane Smith,East,Electronics,Laptop,2,1010.5399780273438,00:04:00,1940.23681640625,PayPal,Cancelled,2024.0,11.0,Low
O-1309,2024-11-05,C-987,Fatima Noor,West,Furniture,Laptop,5,1205.780029296875,00:28:00,4340.80810546875,Bank Transfer,Delivered,2024.0,11.0,Low
O-1310,2024-11-06,C-624,Ali Hassan,West,Clothing,Headphones,9,255.17999267578125,00:12:00,2021.025634765625,Cash,Returned,2024.0,11.0,High
O-1311,2024-11-07,C-928,Fatima Noor,East,Groceries,Rice Bag,10,1805.6300048828125,00:04:00,17334.048828125,Credit Card,Pending,2024.0,11.0,High
O-1312,2024-11-08,C-475,Wei Chen,South,Other,Table,7,1470.97998046875,00:16:00,8649.3623046875,Cash,Returned,2024.0,11.0,High
O-1313,2024-11-09,C-603,John Doe,West,Furniture,Sofa,3,1944.0,00:11:00,5190.47998046875,PayPal,Cancelled,2024.0,11.0,Medium
O-1314,2024-11-10,C-836,Ali Hassan,East,Furnitre,Table,9,1372.5699462890625,00:05:00,11735.4736328125,Cash,Pending,2024.0,11.0,High
O-1315,2024-11-11,C-240,Jane Smith,South,Furnitre,Sofa,2,1185.1800537109375,00:26:00,1754.06640625,Cash,Cancelled,2024.0,11.0,Low
O-1316,2024-11-12,C-410,Unknown,North,Clothing,Table,8,1469.719970703125,00:04:00,11287.44921875,Cash,Cancelled,2024.0,11.0,High
O-1317,2024-11-13,C-904,Wei Chen,West,Groceries,Laptop,3,817.0,00:19:00,1985.31005859375,PayPal,Returned,2024.0,11.0,Low
O-1318,2024-11-14,C-690,Jane Smith,West,Clothing,T-Shirt,8,844.260009765625,00:07:00,6281.29443359375,Cash,Returned,2024.0,11.0,High
O-1319,2024-11-15,C-122,Fatima Noor,West,Other,Laptop,7,1440.0400390625,00:27:00,7358.6044921875,Credit Card,Returned,2024.0,11.0,Medium
O-1320,2024-11-16,C-197,John Doe,North,Electronics,Headphones,3,1839.719970703125,00:04:00,5298.3935546875,Cash,Delivered,2024.0,11.0,Medium
O-1321,2024-11-17,C-421,Ali Hassan,South,Furniture,Headphones,5,79.13999938964844,00:19:00,320.5169982910156,Cash,Delivered,2024.0,11.0,Low
O-1322,2024-11-18,C-226,John Doe,South,Furnitre,Headphones,3,101.5,00:30:00,213.14999389648438,Credit Card,Pending,2024.0,11.0,Low
O-1323,2024-11-19,C-423,John Doe,East,Groceries,T-Shirt,2,353.3699951171875,00:20:00,565.3920288085938,PayPal,Cancelled,2024.0,11.0,Low
O-1324,2024-11-20,C-966,Maria Garcia,South,Furniture,T-Shirt,5,780.510009765625,00:18:00,3200.091064453125,Cash,Cancelled,2024.0,11.0,Low
O-1325,2024-11-21,C-229,Wei Chen,North,Electronics,Sofa,1,1004.0900268554688,00:18:00,823.3538208007812,PayPal,Pending,2024.0,11.0,Low
O-1326,2024-11-22,C-628,Jane Smith,East,Furniture,Sofa,6,90.05000305175781,00:23:00,416.031005859375,PayPal,Cancelled,2024.0,11.0,Low
O-1327,2024-11-23,C-626,Fatima Noor,South,Furniture,Headphones,3,510.55999755859375,00:01:00,1516.3631591796875,Credit Card,Delivered,2024.0,11.0,Medium
O-1328,2024-11-24,C-351,Wei Chen,East,Furniture,Rice Bag,8,608.8800048828125,00:13:00,4237.8046875,Bank Transfer,Delivered,2024.0,11.0,Low
O-1329,2024-11-25,C-943,Maria Garcia,East,Furniture,Sofa,3,1406.6600341796875,00:03:00,4093.380615234375,Credit Card,Pending,2024.0,11.0,Medium
O-1330,2024-11-26,C-897,John Doe,South,Furnitre,Sofa,9,482.010009765625,00:03:00,4207.947265625,PayPal,Pending,2024.0,11.0,High
O-1331,2024-11-27,C-277,Fatima Noor,West,Clothing,Laptop,1,811.22998046875,00:17:00,673.3209228515625,PayPal,Pending,2024.0,11.0,Low
O-1332,2024-11-28,C-539,Wei Chen,West,Furnitre,Rice Bag,1,613.760009765625,00:27:00,448.0447998046875,PayPal,Returned,2024.0,11.0,Low
O-1333,,C-322,John Doe,East,Groceries,T-Shirt,5,426.3599853515625,00:16:00,1790.7120361328125,PayPal,Returned,,,Low
O-1334,2024-11-30,C-699,Ali Hassan,West,Electronics,Rice Bag,10,1608.4599609375,00:28:00,11580.912109375,PayPal,Cancelled,2024.0,11.0,High
O-1335,2024-12-01,C-286,Ali Hassan,North,Groceries,Headphones,4,1509.969970703125,00:00:00,6039.8798828125,Credit Card,Delivered,2024.0,12.0,High
O-1336,2024-12-02,C-605,Maria Garcia,West,Groceries,Laptop,1,1293.8699951171875,00:24:00,983.3411865234375,PayPal,Returned,2024.0,12.0,Low
O-1337,2024-12-03,C-101,Jane Smith,North,Groceries,Table,5,988.780029296875,00:28:00,3559.60791015625,Bank Transfer,Returned,2024.0,12.0,Low
O-1338,2024-12-04,C-696,Jane Smith,West,Electronics,Rice Bag,6,1254.3199462890625,00:18:00,6171.25439453125,Credit Card,Pending,2024.0,12.0,Medium
O-1339,2024-12-05,C-453,Maria Garcia,East,Groceries,Table,4,1976.449951171875,00:28:00,5692.17578125,Cash,Pending,2024.0,12.0,Medium
O-1340,2024-12-06,C-262,Ali Hassan,East,Furnitre,Rice Bag,6,277.1600036621094,00:11:00,1480.034423828125,Bank Transfer,Pending,2024.0,12.0,High
O-1341,2024-12-07,C-760,Jane Smith,South,Electronics,T-Shirt,10,129.74000549316406,00:12:00,1141.7120361328125,Bank Transfer,Delivered,2024.0,12.0,Low
O-1342,2024-12-08,C-180,Jane Smith,North,Furnitre,Table,10,317.010009765625,00:18:00,2599.48193359375,PayPal,Pending,2024.0,12.0,Low
O-1343,2024-12-09,C-166,Wei Chen,South,Electronics,Sofa,5,1752.219970703125,00:16:00,7359.32421875,Bank Transfer,Pending,2024.0,12.0,Medium
O-1344,2024-12-10,C-613,Wei Chen,East,Electronics,T-Shirt,3,177.0,00:01:00,525.6900024414062,Bank Transfer,Cancelled,2024.0,12.0,Low
O-1345,2024-12-11,C-164,Ali Hassan,South,Other,T-Shirt,9,1451.6400146484375,00:25:00,9798.5703125,Credit Card,Cancelled,2024.0,12.0,Medium
O-1346,2024-12-12,C-895,Jane Smith,South,Electronics,Laptop,2,753.4500122070312,00:19:00,1220.5889892578125,Bank Transfer,Delivered,2024.0,12.0,Low
O-1347,2024-12-13,C-105,John Doe,West,Electronics,Table,5,1810.1800537109375,00:30:00,6335.6298828125,PayPal,Returned,2024.0,12.0,Medium
O-1348,2024-12-14,C-935,Fatima Noor,East,Electronics,Sofa,4,1637.9100341796875,00:29:00,4651.66455078125,PayPal,Cancelled,2024.0,12.0,Low
O-1349,2024-12-15,C-322,John Doe,North,Furniture,Rice Bag,1,565.5499877929688,00:15:00,480.7174987792969,Credit Card,Cancelled,2024.0,12.0,Low
O-1350,2024-12-16,C-284,Ali Hassan,West,Furniture,Laptop,2,1070.81005859375,00:11:00,1906.041748046875,Credit Card,Delivered,2024.0,12.0,High
O-1351,2024-12-17,C-272,Maria Garcia,West,Furniture,Laptop,1,506.2799987792969,00:02:00,496.1543884277344,Cash,Returned,2024.0,12.0,Low
O-1352,2024-12-18,C-694,Fatima Noor,North,Electronics,Rice Bag,1,1685.5,00:12:00,1483.239990234375,Bank Transfer,Pending,2024.0,12.0,Low
O-1353,,C-118,John Doe,North,Clothing,Table,3,126.62999725341797,00:09:00,345.69989013671875,Bank Transfer,Delivered,,,Low
O-1354,2024-12-20,C-284,Wei Chen,West,Electronics,Table,4,646.6099853515625,00:21:00,2043.28759765625,Cash,Cancelled,2024.0,12.0,High
O-1355,2024-12-21,C-205,Wei Chen,East,Other,Sofa,9,1668.3199462890625,00:13:00,13062.9453125,Credit Card,Returned,2024.0,12.0,High
O-1356,2024-12-22,C-862,Unknown,North,Electronics,Headphones,1,608.0900268554688,00:10:00,547.281005859375,Credit Card,Returned,2024.0,12.0,Low
O-1357,2024-12-23,C-858,Wei Chen,West,Clothing,Rice Bag,2,307.4200134277344,00:19:00,498.0203857421875,Credit Card,Returned,2024.0,12.0,Low
O-1358,2024-12-24,C-993,Maria Garcia,North,Electronics,Rice Bag,10,1239.550048828125,00:18:00,10164.3095703125,PayPal,Returned,2024.0,12.0,High
O-1359,2024-12-25,C-961,Ali Hassan,West,Groceries,Sofa,9,1881.4300537109375,00:23:00,13038.3095703125,Cash,Pending,2024.0,12.0,High
O-1360,2024-12-26,C-456,Fatima Noor,East,Electronics,Headphones,8,1367.280029296875,00:18:00,8969.3564453125,Bank Transfer,Cancelled,2024.0,12.0,Medium
O-1361,2024-12-27,C-847,Unknown,North,Furnitre,T-Shirt,6,1527.4100341796875,00:28:00,6598.4111328125,PayPal,Pending,2024.0,12.0,Medium
O-1362,2024-12-28,C-820,Wei Chen,South,Electronics,Sofa,2,1830.260009765625,00:23:00,2818.600341796875,Bank Transfer,Cancelled,2024.0,12.0,Low
O-1363,2024-12-29,C-590,John Doe,South,Furnitre,Sofa,5,1573.3299560546875,00:26:00,5821.32080078125,Credit Card,Returned,2024.0,12.0,Medium
O-1364,2024-12-30,C-401,Maria Garcia,South,Electronics,Rice Bag,2,712.5900268554688,00:28:00,1026.129638671875,Bank Transfer,Delivered,2024.0,12.0,Low
O-1365,2024-12-31,C-138,Wei Chen,South,Groceries,T-Shirt,4,1241.219970703125,00:26:00,3674.01123046875,Cash,Pending,2024.0,12.0,High
O-1366,2025-01-01,C-434,John Doe,North,Electronics,Headphones,7,1474.4599609375,00:23:00,7947.33935546875,Bank Transfer,Delivered,2025.0,1.0,Medium
O-1367,2025-01-02,C-882,Ali Hassan,East,Furnitre,Table,7,640.8200073242188,00:29:00,3184.87548828125,PayPal,Returned,2025.0,1.0,High
O-1368,2025-01-03,C-683,Wei Chen,North,Furnitre,Laptop,2,1660.1300048828125,00:06:00,3121.04443359375,Bank Transfer,Cancelled,2025.0,1.0,Low
O-1369,2025-01-04,C-529,Fatima Noor,West,Furniture,Table,1,1182.25,00:22:00,922.155029296875,PayPal,Pending,2025.0,1.0,Medium
O-1370,2025-01-05,C-538,Fatima Noor,South,Electronics,Sofa,5,447.54998779296875,00:21:00,1767.822509765625,Bank Transfer,Delivered,2025.0,1.0,Low
O-1371,2025-01-06,C-385,Unknown,North,Furniture,Sofa,9,1881.550048828125,00:23:00,13039.1416015625,Credit Card,Returned,2025.0,1.0,High
O-1372,2025-01-07,C-982,Fatima Noor,South,Furnitre,Rice Bag,4,1401.1700439453125,00:17:00,4651.88427734375,Bank Transfer,Delivered,2025.0,1.0,Low
O-1373,2025-01-08,C-571,Maria Garcia,West,Groceries,Headphones,7,874.27001953125,00:21:00,4834.712890625,Bank Transfer,Cancelled,2025.0,1.0,Low
O-1374,,C-830,Unknown,North,Clothing,Table,7,1876.18994140625,00:17:00,10900.6640625,Bank Transfer,Pending,,,High
O-1375,2025-01-10,C-873,John Doe,South,Electronics,Laptop,2,1704.0,00:17:00,2828.639892578125,Bank Transfer,Returned,2025.0,1.0,Low
O-1376,2025-01-11,C-165,John Doe,West,Electronics,Laptop,6,1481.280029296875,00:15:00,7554.52783203125,Cash,Returned,2025.0,1.0,Medium
O-1377,2025-01-12,C-952,Unknown,West,Clothing,Laptop,3,1170.8599853515625,00:17:00,2915.44140625,Cash,Delivered,2025.0,1.0,Low
O-1378,2025-01-13,C-580,Ali Hassan,East,Furniture,Headphones,4,1833.0799560546875,00:16:00,6159.14892578125,PayPal,Delivered,2025.0,1.0,Medium
O-1379,2025-01-14,C-421,Ali Hassan,East,Furniture,T-Shirt,1,260.739990234375,00:10:00,234.66600036621094,Bank Transfer,Pending,2025.0,1.0,Low
O-1380,2025-01-15,C-650,Wei Chen,South,Clothing,Headphones,1,99.86000061035156,00:25:00,74.8949966430664,PayPal,Cancelled,2025.0,1.0,Low
O-1381,2025-01-16,C-861,Maria Garcia,South,Electronics,Laptop,3,275.80999755859375,00:13:00,719.8640747070312,Cash,Returned,2025.0,1.0,High
O-1382,2025-01-17,C-842,Fatima Noor,North,Groceries,Laptop,1,962.8099975585938,00:02:00,943.5537719726562,PayPal,Pending,2025.0,1.0,Low
O-1383,2025-01-18,C-936,Jane Smith,North,Electronics,T-Shirt,8,1342.9300537109375,00:06:00,10098.833984375,PayPal,Delivered,2025.0,1.0,High
O-1384,2025-01-19,C-321,Wei Chen,South,Clothing,Headphones,7,783.0900268554688,00:08:00,5043.099609375,PayPal,Cancelled,2025.0,1.0,Medium
O-1385,2025-01-20,C-268,Wei Chen,North,Clothing,T-Shirt,10,1309.949951171875,00:07:00,12182.53515625,PayPal,Pending,2025.0,1.0,High
O-1386,2025-01-21,C-887,Ali Hassan,South,Electronics,Laptop,4,162.27999877929688,00:08:00,597.1904296875,Bank Transfer,Pending,2025.0,1.0,Low
O-1387,2025-01-22,C-425,Maria Garcia,North,Electronics,Headphones,3,711.8800048828125,00:06:00,2007.5015869140625,Credit Card,Pending,2025.0,1.0,Low
O-1388,2025-01-23,C-634,Unknown,West,Groceries,Laptop,6,86.08000183105469,00:02:00,506.150390625,Bank Transfer,Cancelled,2025.0,1.0,Medium
O-1389,2025-01-24,C-144,Fatima Noor,West,Electronics,Headphones,9,360.0899963378906,00:15:00,2754.6884765625,Cash,Cancelled,2025.0,1.0,Low
O-1390,2025-01-25,C-233,Maria Garcia,West,Electronics,Rice Bag,5,1018.7000122070312,00:07:00,4736.955078125,Credit Card,Cancelled,2025.0,1.0,Low
O-1391,2025-01-26,C-523,Wei Chen,West,Furnitre,Laptop,8,650.4400024414062,00:22:00,4058.74560546875,Cash,Cancelled,2025.0,1.0,High
O-1392,2025-01-27,C-678,Ali Hassan,South,Furniture,Laptop,6,765.8400268554688,00:13:00,3997.684814453125,PayPal,Delivered,2025.0,1.0,Medium
O-1393,2025-01-28,C-827,Wei Chen,North,Clothing,T-Shirt,2,1222.3900146484375,00:08:00,2249.197509765625,Credit Card,Returned,2025.0,1.0,Low
O-1394,2025-01-29,C-641,Unknown,East,Other,Rice Bag,8,1392.6700439453125,00:30:00,7798.9521484375,Credit Card,Returned,2025.0,1.0,High
O-1395,2025-01-30,C-908,Maria Garcia,North,Electronics,Table,5,317.05999755859375,00:26:00,1173.1219482421875,Cash,Returned,2025.0,1.0,Low
O-1396,2025-01-31,C-268,John Doe,West,Furnitre,Sofa,3,1907.52001953125,00:17:00,4749.724609375,PayPal,Cancelled,2025.0,1.0,High
O-1397,,C-671,Wei Chen,East,Electronics,Headphones,9,1528.3599853515625,00:20:00,11004.1923828125,PayPal,Returned,,,High
O-1398,2025-02-02,C-945,Ali Hassan,South,Groceries,T-Shirt,7,823.22998046875,00:05:00,5474.4794921875,Cash,Cancelled,2025.0,2.0,Medium
O-1399,2025-02-03,C-618,Jane Smith,North,Electronics,Sofa,4,1935.2900390625,00:22:00,6038.10498046875,Credit Card,Cancelled,2025.0,2.0,Medium
O-1400,2025-02-04,C-931,Maria Garcia,West,Furniture,Table,7,1090.06005859375,00:22:00,5951.7275390625,Credit Card,Pending,2025.0,2.0,Medium
O-1401,2025-02-05,C-920,Jane Smith,East,Clothing,T-Shirt,7,233.5800018310547,00:07:00,1520.6058349609375,PayPal,Cancelled,2025.0,2.0,Medium
O-1402,2025-02-06,C-909,Jane Smith,South,Groceries,Headphones,6,1560.43994140625,00:28:00,6741.1005859375,Cash,Returned,2025.0,2.0,Medium
O-1403,2025-02-07,C-688,Wei Chen,South,Electronics,Sofa,3,279.0799865722656,00:06:00,787.005615234375,Bank Transfer,Pending,2025.0,2.0,Low
O-1404,2025-02-08,C-263,Jane Smith,North,Clothing,Table,10,526.7100219726562,00:13:00,4582.376953125,Credit Card,Pending,2025.0,2.0,Low
O-1405,2025-02-09,C-932,John Doe,North,Clothing,Table,8,205.75999450683594,00:15:00,1399.16796875,Bank Transfer,Pending,2025.0,2.0,Low
O-1406,2025-02-10,C-304,Unknown,South,Clothing,T-Shirt,5,903.8699951171875,00:12:00,3977.028076171875,Cash,Delivered,2025.0,2.0,Low
O-1407,2025-02-11,C-591,Wei Chen,West,Groceries,Laptop,2,1628.72998046875,00:19:00,2638.54248046875,Cash,Delivered,2025.0,2.0,Medium
O-1408,2025-02-12,C-196,Unknown,South,Groceries,Laptop,7,1048.530029296875,00:04:00,7046.12158203125,Cash,Returned,2025.0,2.0,Medium
O-1409,2025-02-13,C-193,Jane Smith,North,Groceries,Sofa,9,579.989990234375,00:15:00,4436.92333984375,Bank Transfer,Delivered,2025.0,2.0,Low
O-1410,2025-02-14,C-443,Wei Chen,North,Electronics,Laptop,8,1405.9599609375,00:28:00,8098.32958984375,Bank Transfer,Pending,2025.0,2.0,Medium
O-1411,2025-02-15,C-673,John Doe,South,Clothing,Sofa,4,898.75,00:10:00,3235.5,PayPal,Delivered,2025.0,2.0,High
O-1412,2025-02-16,C-908,Maria Garcia,West,Furnitre,Headphones,1,882.5700073242188,00:22:00,688.4046020507812,Credit Card,Pending,2025.0,2.0,Low
O-1413,2025-02-17,C-450,Jane Smith,North,Furniture,T-Shirt,7,234.02999877929688,00:22:00,1277.8038330078125,PayPal,Pending,2025.0,2.0,Low
O-1414,2025-02-18,C-529,Ali Hassan,East,Electronics,Headphones,8,909.2999877929688,00:16:00,6110.49609375,Bank Transfer,Pending,2025.0,2.0,Medium
O-1415,2025-02-19,C-808,Jane Smith,East,Clothing,Sofa,5,162.69000244140625,00:07:00,756.5084838867188,Credit Card,Cancelled,2025.0,2.0,Low
O-1416,2025-02-20,C-740,Ali Hassan,South,Electronics,T-Shirt,10,305.7900085449219,00:25:00,2293.425048828125,Bank Transfer,Returned,2025.0,2.0,Low
O-1417,2025-02-21,C-158,Fatima Noor,South,Clothing,Headphones,5,1369.1400146484375,00:20:00,5476.56005859375,Cash,Returned,2025.0,2.0,Medium
O-1418,2025-02-22,C-690,Jane Smith,East,Electronics,Rice Bag,6,825.5599975585938,00:23:00,3814.087158203125,Cash,Delivered,2025.0,2.0,High
O-1419,2025-02-23,C-120,John Doe,East,Electronics,T-Shirt,8,930.8300170898438,00:28:00,5361.58056640625,Cash,Delivered,2025.0,2.0,Medium
O-1420,2025-02-24,C-507,Jane Smith,West,Electronics,Sofa,8,1233.77001953125,00:10:00,8883.1435546875,Bank Transfer,Pending,2025.0,2.0,Medium
O-1422,2025-02-26,C-411,John Doe,East,Clothing,Laptop,7,518.2000122070312,00:13:00,3155.837890625,Bank Transfer,Cancelled,2025.0,2.0,Low
O-1423,2025-02-27,C-758,Jane Smith,East,Clothing,Table,3,1826.5799560546875,00:15:00,4657.77880859375,Credit Card,Delivered,2025.0,2.0,Low
O-1424,2025-02-28,C-973,Ali Hassan,South,Furniture,Sofa,7,1966.75,00:29:00,9774.7470703125,Cash,Cancelled,2025.0,2.0,Medium
O-1425,2025-03-01,C-775,Wei Chen,West,Clothing,Sofa,2,1848.989990234375,00:16:00,3106.30322265625,Bank Transfer,Pending,2025.0,3.0,Medium
O-1426,2025-03-02,C-437,John Doe,South,Furnitre,Rice Bag,3,631.2100219726562,00:09:00,1723.2032470703125,Credit Card,Returned,2025.0,3.0,Low
O-1427,2025-03-03,C-979,Wei Chen,North,Clothing,Laptop,9,1473.0799560546875,00:26:00,9810.712890625,Credit Card,Pending,2025.0,3.0,High
O-1428,2025-03-04,C-184,Jane Smith,North,Groceries,Sofa,7,152.97999572753906,00:10:00,963.7739868164062,PayPal,Cancelled,2025.0,3.0,Low
O-1429,2025-03-05,C-207,Ali Hassan,East,Electronics,Sofa,8,1662.760009765625,00:23:00,10242.6015625,PayPal,Pending,2025.0,3.0,High
O-1430,2025-03-06,C-304,Maria Garcia,North,Other,Rice Bag,1,147.72999572753906,00:11:00,131.47970581054688,Bank Transfer,Delivered,2025.0,3.0,Low
O-1431,2025-03-07,C-983,Ali Hassan,South,Electronics,Laptop,9,1817.699951171875,00:17:00,13578.21875,Credit Card,Pending,2025.0,3.0,High
O-1432,2025-03-08,C-721,Wei Chen,West,Clothing,Laptop,10,102.77999877929688,00:13:00,894.1859741210938,Credit Card,Cancelled,2025.0,3.0,Low
O-1433,2025-03-09,C-145,Wei Chen,North,Clothing,Rice Bag,9,1496.489990234375,00:23:00,10370.67578125,Credit Card,Pending,2025.0,3.0,High
O-1434,2025-03-10,C-302,Maria Garcia,North,Electronics,Sofa,8,632.22998046875,00:02:00,4956.68310546875,Bank Transfer,Pending,2025.0,3.0,Medium
O-1436,2025-03-12,C-345,Maria Garcia,East,Electronics,Rice Bag,3,170.4499969482422,00:03:00,496.0094909667969,Cash,Returned,2025.0,3.0,Low
O-1437,2025-03-13,C-601,Maria Garcia,West,Groceries,Laptop,9,1066.1600341796875,00:19:00,7772.306640625,Cash,Pending,2025.0,3.0,Medium
O-1438,2025-03-14,C-971,Fatima Noor,West,Furniture,Laptop,2,1842.3399658203125,00:10:00,3316.2119140625,Cash,Pending,2025.0,3.0,Low
O-1439,2025-03-15,C-296,Wei Chen,South,Furnitre,Laptop,9,1962.0799560546875,00:21:00,13950.388671875,Cash,Cancelled,2025.0,3.0,High
O-1440,2025-03-16,C-377,John Doe,South,Furnitre,Rice Bag,6,674.1500244140625,00:16:00,3397.716064453125,Bank Transfer,Cancelled,2025.0,3.0,Medium
O-1441,2025-03-17,C-679,Wei Chen,South,Electronics,Rice Bag,2,1733.3499755859375,00:03:00,3362.698974609375,Bank Transfer,Cancelled,2025.0,3.0,Low
O-1442,2025-03-18,C-137,Jane Smith,West,Groceries,Headphones,10,826.6699829101562,00:08:00,7605.36376953125,Bank Transfer,Returned,2025.0,3.0,Medium
O-1443,2025-03-19,C-775,John Doe,East,Groceries,Headphones,9,472.2300109863281,00:11:00,3782.562255859375,PayPal,Delivered,2025.0,3.0,Medium
O-1444,2025-03-20,C-516,Fatima Noor,North,Furniture,Laptop,9,1707.18994140625,00:17:00,12752.708984375,Cash,Pending,2025.0,3.0,High
O-1445,2025-03-21,C-698,Jane Smith,East,Furnitre,T-Shirt,10,602.510009765625,00:12:00,5302.087890625,PayPal,Returned,2025.0,3.0,Medium
O-1446,2025-03-22,C-711,John Doe,East,Groceries,T-Shirt,6,971.6699829101562,00:15:00,4955.51708984375,PayPal,Returned,2025.0,3.0,Low
O-1447,2025-03-23,C-314,Maria Garcia,West,Furnitre,Table,10,1784.47998046875,00:06:00,16774.111328125,Cash,Returned,2025.0,3.0,High
O-1448,2025-03-24,C-523,Wei Chen,North,Groceries,Headphones,3,1256.9000244140625,00:06:00,3544.4580078125,PayPal,Delivered,2025.0,3.0,High
O-1449,2025-03-25,C-384,Ali Hassan,North,Other,Rice Bag,1,761.8900146484375,00:10:00,685.7009887695312,PayPal,Returned,2025.0,3.0,Medium
O-1450,2025-03-26,C-823,Unknown,North,Clothing,Sofa,2,1744.5999755859375,00:07:00,3244.9560546875,Cash,Pending,2025.0,3.0,Low
O-1451,,C-559,Ali Hassan,South,Furnitre,Table,3,1039.3800048828125,00:18:00,2556.874755859375,Bank Transfer,Pending,,,Low
O-1452,2025-03-28,C-132,Maria Garcia,West,Groceries,Headphones,5,513.2100219726562,00:21:00,2027.179443359375,PayPal,Returned,2025.0,3.0,Low
O-1453,2025-03-29,C-405,Maria Garcia,West,Electronics,Rice Bag,5,429.1499938964844,00:20:00,1716.5999755859375,Cash,Returned,2025.0,3.0,Low
O-1454,2025-03-30,C-248,Maria Garcia,East,Electronics,Headphones,10,31.079999923706055,00:28:00,223.7760009765625,Credit Card,Pending,2025.0,3.0,Low
O-1456,2025-04-01,C-840,Maria Garcia,South,Electronics,T-Shirt,2,644.0900268554688,00:12:00,1133.598388671875,Bank Transfer,Cancelled,2025.0,4.0,Low
O-1457,2025-04-02,C-358,John Doe,South,Groceries,T-Shirt,5,1410.9200439453125,00:30:00,4938.22021484375,PayPal,Cancelled,2025.0,4.0,High
O-1458,2025-04-03,C-806,Jane Smith,East,Electronics,Rice Bag,7,1983.0799560546875,00:23:00,10688.80078125,Credit Card,Pending,2025.0,4.0,High
O-1460,2025-04-05,C-523,Jane Smith,North,Furniture,Headphones,4,1955.75,00:01:00,7744.77001953125,PayPal,Pending,2025.0,4.0,High
O-1461,2025-04-06,C-736,John Doe,West,Groceries,Rice Bag,2,566.27001953125,00:16:00,951.3336181640625,Bank Transfer,Pending,2025.0,4.0,Medium
O-1462,2025-04-07,C-617,Fatima Noor,East,Furniture,Headphones,3,1785.7900390625,00:20:00,4285.89599609375,Bank Transfer,Returned,2025.0,4.0,High
O-1463,2025-04-08,C-414,Maria Garcia,South,Furnitre,Rice Bag,9,1920.8199462890625,00:12:00,15212.89453125,PayPal,Delivered,2025.0,4.0,High
O-1464,2025-04-09,C-619,Fatima Noor,South,Electronics,Sofa,7,1741.2900390625,00:03:00,11823.359375,Credit Card,Returned,2025.0,4.0,High
O-1465,2025-04-10,C-779,Fatima Noor,West,Groceries,Laptop,10,529.6199951171875,00:15:00,4501.77001953125,Credit Card,Returned,2025.0,4.0,Low
O-1466,2025-04-11,C-905,Maria Garcia,East,Clothing,Sofa,7,1322.030029296875,00:12:00,8143.70458984375,Cash,Pending,2025.0,4.0,Medium
O-1467,2025-04-12,C-678,John Doe,East,Furnitre,Laptop,5,915.1599731445312,00:04:00,4392.76806640625,Cash,Delivered,2025.0,4.0,Medium
O-1468,2025-04-13,C-435,John Doe,North,Other,Rice Bag,3,1585.5999755859375,00:15:00,4043.280029296875,Bank Transfer,Returned,2025.0,4.0,Low
O-1470,2025-04-15,C-256,Ali Hassan,West,Furnitre,Sofa,8,1991.6300048828125,00:28:00,11471.7890625,Bank Transfer,Pending,2025.0,4.0,High
O-1473,2025-04-18,C-475,Wei Chen,East,Groceries,Sofa,4,921.6199951171875,00:26:00,2727.9951171875,Credit Card,Cancelled,2025.0,4.0,High
O-1474,2025-04-19,C-222,John Doe,West,Groceries,T-Shirt,6,645.760009765625,00:20:00,3099.64794921875,Credit Card,Pending,2025.0,4.0,Medium
O-1475,2025-04-20,C-141,Jane Smith,East,Furnitre,Rice Bag,8,1850.8800048828125,00:07:00,13770.546875,Bank Transfer,Returned,2025.0,4.0,High
O-1476,,C-341,John Doe,North,Furniture,Rice Bag,6,1757.25,00:03:00,10227.1953125,Cash,Returned,,,High
O-1477,2025-04-22,C-629,Jane Smith,South,Furnitre,Table,4,739.0,00:18:00,2423.919921875,PayPal,Delivered,2025.0,4.0,Low
O-1478,2025-04-23,C-921,Wei Chen,East,Furniture,Table,3,1522.219970703125,00:14:00,3927.32763671875,PayPal,Delivered,2025.0,4.0,Low
O-1479,2025-04-24,C-656,Wei Chen,South,Furnitre,T-Shirt,8,700.8499755859375,00:10:00,5046.1201171875,Credit Card,Pending,2025.0,4.0,Medium
O-1480,2025-04-25,C-531,Ali Hassan,West,Electronics,Headphones,3,123.69000244140625,00:10:00,333.9630126953125,PayPal,Pending,2025.0,4.0,Low
O-1481,2025-04-26,C-183,Fatima Noor,West,Groceries,Table,5,1750.719970703125,00:29:00,6215.05615234375,Bank Transfer,Delivered,2025.0,4.0,Medium
O-1482,2025-04-27,C-882,Jane Smith,North,Furniture,Rice Bag,10,1839.4200439453125,00:23:00,14163.5341796875,Credit Card,Delivered,2025.0,4.0,High
O-1483,2025-04-28,C-142,Ali Hassan,South,Electronics,Rice Bag,7,415.5199890136719,00:27:00,2123.30712890625,Credit Card,Cancelled,2025.0,4.0,Low
O-1484,2025-04-29,C-980,Wei Chen,North,Other,Sofa,4,335.5199890136719,00:11:00,1194.451171875,PayPal,Cancelled,2025.0,4.0,Low
O-1485,2025-04-30,C-350,Fatima Noor,North,Electronics,Laptop,9,746.25,00:04:00,6447.60009765625,Cash,Returned,2025.0,4.0,Medium
O-1486,2025-05-01,C-548,Ali Hassan,East,Furniture,Headphones,7,262.8399963378906,00:15:00,1563.89794921875,PayPal,Pending,2025.0,5.0,Low
O-1487,,C-605,Fatima Noor,East,Furniture,Headphones,1,1047.4300537109375,00:15:00,890.3154907226562,PayPal,Pending,,,Low
O-1488,2025-05-03,C-955,Jane Smith,East,Furnitre,Headphones,3,1710.0,00:17:00,4257.89990234375,Cash,Delivered,2025.0,5.0,Medium
O-1489,2025-05-04,C-232,Ali Hassan,West,Groceries,Sofa,10,886.9099731445312,00:14:00,7627.42578125,Cash,Pending,2025.0,5.0,Medium
O-1490,2025-05-05,C-966,Unknown,East,Furniture,Headphones,6,349.17999267578125,00:27:00,1529.408447265625,Credit Card,Returned,2025.0,5.0,Low
O-1491,2025-05-06,C-782,Unknown,East,Furnitre,Sofa,8,1804.760009765625,00:01:00,14293.69921875,PayPal,Returned,2025.0,5.0,High
O-1492,2025-05-07,C-607,Jane Smith,South,Groceries,Table,3,1687.3299560546875,00:07:00,4707.65087890625,Credit Card,Cancelled,2025.0,5.0,Low
O-1493,2025-05-08,C-458,Wei Chen,West,Clothing,Rice Bag,9,651.25,00:23:00,4513.16259765625,Cash,Cancelled,2025.0,5.0,Low
O-1494,2025-05-09,C-860,Ali Hassan,North,Other,T-Shirt,6,825.530029296875,00:07:00,4606.45751953125,Cash,Pending,2025.0,5.0,Low
O-1495,2025-05-10,C-686,Unknown,North,Electronics,T-Shirt,7,745.5599975585938,00:05:00,4957.97412109375,Bank Transfer,Pending,2025.0,5.0,Low
O-1496,2025-05-11,C-692,Jane Smith,West,Clothing,Laptop,3,1586.7900390625,00:07:00,4427.14404296875,PayPal,Returned,2025.0,5.0,Low
O-1497,2025-05-12,C-993,Fatima Noor,South,Furniture,Rice Bag,6,1545.5899658203125,00:04:00,8902.5986328125,Credit Card,Pending,2025.0,5.0,High
O-1498,2025-05-13,C-681,Wei Chen,West,Other,Sofa,7,810.3200073242188,00:14:00,4878.12646484375,Cash,Returned,2025.0,5.0,Low
O-1499,2025-05-14,C-506,Maria Garcia,West,Groceries,Sofa,9,73.5999984741211,00:02:00,649.1519775390625,Bank Transfer,Cancelled,2025.0,5.0,Low
O-1374,2025-01-09,C-830,Unknown,North,Clothing,Table,7,1876.18994140625,00:17:00,10900.6640625,Bank Transfer,Pending,2025.0,1.0,High
O-1155,2024-06-04,C-424,Unknown,West,Clothing,Sofa,1,322.1600036621094,00:07:00,299.6087951660156,Bank Transfer,Pending,2024.0,6.0,Medium
O-1104,2024-04-14,C-518,Unknown,East,Clothing,Laptop,7,1339.4599609375,00:08:00,8626.1220703125,Bank Transfer,Delivered,2024.0,4.0,High
O-1394,2025-01-29,C-641,Unknown,East,Other,Rice Bag,8,1392.6700439453125,00:30:00,7798.9521484375,Credit Card,Returned,2025.0,1.0,High
O-1068,2024-03-09,C-526,Unknown,East,Furnitre,T-Shirt,6,922.7899780273438,00:26:00,4097.1875,PayPal,Cancelled,2024.0,3.0,Medium
