Order_ID,Order_Date,Customer_ID,Customer_Name,Region,Product_Category,Product_Name,Quantity,Unit_Price,Discount,Total_Sales,Payment_Method,Delivery_Status,Order_Year,Order_Month
O-1000,1/1/2024,C-208,Jane Smith,South,Furniture,T-Shirt,10,805.52,0.01,7974.648,Credit Card,Pending,2024,1
O-1001,1/2/2024,C-365,Ali Hassan,North,Furnitre,Sofa,3,1550.01,0.25,3487.5225,Cash,Cancelled,2024,1
O-1002,1/3/2024,C-498,Jane Smith,West,Furniture,Laptop,1,1187.38,0.10,1068.642,Bank Transfer,Pending,2024,1
O-1003,1/4/2024,C-371,Ali Hassan,East,Electronics,Headphones,2,932.39,0.07,1734.2454,Cash,Cancelled,2024,1
O-1004,1/5/2024,C-218,Jane Smith,West,Clothing,Sofa,10,279.37,0.17,2318.771,Cash,Returned,2024,1
O-1005,1/6/2024,C-748,Jane Smith,East,Clothing,Laptop,10,976.87,0.02,9573.326,Credit Card,Cancelled,2024,1
O-1006,1/7/2024,C-703,Maria Garcia,West,Furnitre,Headphones,4,691.49,0.23,2129.7892,PayPal,Pending,2024,1
O-1007,1/8/2024,C-391,Fatima Noor,East,Electronics,Sofa,8,922.16,0.14,6344.4608,Cash,Delivered,2024,1
O-1008,1/9/2024,C-694,Maria Garcia,East,Clothing,Laptop,9,155.11,0.27,1019.0727,Bank Transfer,Pending,2024,1
O-1009,1/10/2024,C-564,Unknown,North,Clothing,Rice Bag,6,1622.75,0.13,8470.755,PayPal,Cancelled,2024,1
O-1010,1/11/2024,C-922,Fatima Noor,East,Groceries,Headphones,2,1060.1,0.10,1908.18,PayPal,Cancelled,2024,1
O-1011,1/12/2024,C-664,Jane Smith,West,Furniture,Laptop,4,28.11,0.02,110.1912,Credit Card,Returned,2024,1
O-1012,1/13/2024,C-364,Jane Smith,North,Clothing,Rice Bag,8,352.02,0.11,2506.3824,Cash,Cancelled,2024,1
O-1013,1/14/2024,C-333,Wei Chen,East,Electronics,Laptop,4,818.11,0.19,2650.6764,Credit Card,Pending,2024,1
O-1014,1/15/2024,C-910,Wei Chen,South,Clothing,Headphones,5,1974.65,0.25,7404.9375,Credit Card,Delivered,2024,1
O-1015,1/16/2024,C-129,Wei Chen,North,Clothing,Laptop,1,313.56,0.21,247.7124,Cash,Returned,2024,1
O-1016,1/17/2024,C-206,Fatima Noor,North,Groceries,Sofa,7,1428.73,0.30,7000.777,PayPal,Returned,2024,1
O-1017,1/18/2024,C-747,Jane Smith,West,Furniture,Sofa,7,1124.35,0.11,7004.7005,Credit Card,Delivered,2024,1
O-1018,1/19/2024,C-123,Ali Hassan,South,Furnitre,Laptop,7,1070.05,0.28,5393.052,Bank Transfer,Returned,2024,1
O-1019,1/20/2024,C-924,Ali Hassan,North,Clothing,Table,9,182.51,0.02,1609.7382,Bank Transfer,Delivered,2024,1
O-1020,1/21/2024,C-313,Ali Hassan,East,Furnitre,Laptop,7,1767.24,0.21,9772.8372,Bank Transfer,Pending,2024,1
O-1021,1/22/2024,C-886,Fatima Noor,North,Furnitre,Rice Bag,6,1072.03,0.24,4888.4568,Bank Transfer,Cancelled,2024,1
O-1022,1/23/2024,C-639,Ali Hassan,South,Groceries,T-Shirt,3,1446.16,0.19,3514.1688,Cash,Returned,2024,1
O-1023,1/24/2024,C-344,Maria Garcia,North,Electronics,T-Shirt,4,1283.79,0.27,3748.6668,PayPal,Returned,2024,1
O-1024,1/25/2024,C-244,Ali Hassan,East,Furniture,Table,4,595.96,0.11,2121.6176,PayPal,Cancelled,2024,1
O-1025,1/26/2024,C-980,Jane Smith,East,Electronics,Laptop,8,479.82,0.21,3032.4624,Credit Card,Pending,2024,1
O-1026,1/27/2024,C-906,Maria Garcia,West,Clothing,T-Shirt,3,403.77,0.26,896.3694,Credit Card,Cancelled,2024,1
O-1028,1/29/2024,C-282,Maria Garcia,North,Groceries,Laptop,8,1044.08,0.24,6348.0064,PayPal,Returned,2024,1
O-1030,1/31/2024,C-604,Unknown,East,Groceries,Rice Bag,2,167.36,0.04,321.3312,Cash,Cancelled,2024,1
O-1031,2/1/2024,C-582,Ali Hassan,West,Groceries,T-Shirt,10,1374.76,0.28,9898.272,Cash,Returned,2024,2
O-1032,2/2/2024,C-477,Ali Hassan,South,Groceries,Rice Bag,8,330.68,0.04,2539.6224,PayPal,Delivered,2024,2
O-1033,2/3/2024,C-951,Wei Chen,South,Clothing,T-Shirt,2,1739.89,0.13,3027.4086,Bank Transfer,Pending,2024,2
O-1034,2/4/2024,C-861,John Doe,East,Furniture,Sofa,10,1516.75,0.19,12285.675,Bank Transfer,Delivered,2024,2
O-1035,2/5/2024,C-734,Maria Garcia,West,Electronics,Sofa,5,590.75,0.04,2835.6,Credit Card,Delivered,2024,2
O-1036,2/6/2024,C-898,Wei Chen,North,Furniture,T-Shirt,7,650.39,0.30,3186.911,Credit Card,Returned,2024,2
O-1037,2/7/2024,C-145,John Doe,South,Electronics,Sofa,6,774.1,0.02,4551.708,Cash,Pending,2024,2
O-1038,2/8/2024,C-994,Jane Smith,West,Furnitre,Headphones,8,541.27,0.23,3334.2232,PayPal,Cancelled,2024,2
O-1039,2/9/2024,C-284,John Doe,North,Groceries,T-Shirt,8,879.92,0.13,6124.2432,Bank Transfer,Cancelled,2024,2
O-1040,2/10/2024,C-955,Maria Garcia,South,Electronics,T-Shirt,6,1005.17,0.08,5548.5384,Credit Card,Returned,2024,2
O-1041,2/11/2024,C-477,John Doe,South,Electronics,Rice Bag,4,788.61,0.02,3091.3512,PayPal,Delivered,2024,2
O-1042,,C-434,Fatima Noor,North,Groceries,Headphones,1,804.51,0.16,675.7884,Credit Card,Delivered,,
O-1043,2/13/2024,C-262,Ali Hassan,East,Furnitre,T-Shirt,8,750.36,0.10,5402.592,Bank Transfer,Returned,2024,2
O-1044,2/14/2024,C-415,John Doe,North,Clothing,T-Shirt,8,872.17,0.28,5023.6992,PayPal,Returned,2024,2
O-1045,2/15/2024,C-736,Jane Smith,West,Furnitre,Headphones,9,406.61,0.14,3147.1614,Bank Transfer,Returned,2024,2
O-1046,2/16/2024,C-748,Wei Chen,West,Furnitre,Sofa,8,1749.61,0.29,9937.7848,Cash,Returned,2024,2
O-1048,2/18/2024,C-464,John Doe,East,Electronics,T-Shirt,6,189.54,0.15,966.654,PayPal,Pending,2024,2
O-1049,2/19/2024,C-115,John Doe,West,Electronics,Laptop,3,1323.16,0.02,3890.0904,PayPal,Cancelled,2024,2
O-1050,2/20/2024,C-335,Jane Smith,West,Electronics,Table,7,1454.4,0.28,7330.176,Bank Transfer,Pending,2024,2
O-1051,2/21/2024,C-291,Ali Hassan,South,Electronics,Table,8,1840.54,0.28,10601.5104,Bank Transfer,Pending,2024,2
O-1052,2/22/2024,C-835,Ali Hassan,West,Groceries,Laptop,6,163.41,0.16,823.5864,Credit Card,Pending,2024,2
O-1053,2/23/2024,C-177,Ali Hassan,East,Clothing,Headphones,10,927.41,0.07,8624.913,PayPal,Delivered,2024,2
O-1054,2/24/2024,C-345,Maria Garcia,East,Clothing,Laptop,6,755.07,0.17,3760.2486,PayPal,Cancelled,2024,2
O-1055,2/25/2024,C-614,Ali Hassan,West,Electronics,Table,10,1764.64,0.08,16234.688,Cash,Delivered,2024,2
O-1056,,C-728,John Doe,South,Groceries,Table,4,1872.09,0.06,7039.0584,Cash,Returned,,
O-1057,2/27/2024,C-807,Ali Hassan,North,Groceries,Sofa,5,508.99,0.21,2010.5105,PayPal,Cancelled,2024,2
O-1058,2/28/2024,C-608,Wei Chen,South,Electronics,Table,5,179.55,0.09,816.9525,Credit Card,Cancelled,2024,2
O-1059,2/29/2024,C-741,John Doe,South,Furniture,T-Shirt,2,1885.63,0.28,2715.3072,PayPal,Pending,2024,2
O-1060,3/1/2024,C-941,Ali Hassan,North,Groceries,Table,4,801.12,0.24,2435.4048,Credit Card,Pending,2024,3
O-1061,3/2/2024,C-143,Jane Smith,North,Groceries,T-Shirt,1,32.12,0.07,29.8716,Credit Card,Cancelled,2024,3
O-1062,3/3/2024,C-311,Jane Smith,West,Furnitre,Laptop,8,110.52,0.01,875.3184,Credit Card,Cancelled,2024,3
O-1063,3/4/2024,C-876,John Doe,South,Furniture,Rice Bag,6,1852.27,0.02,10891.3476,Credit Card,Cancelled,2024,3
O-1064,3/5/2024,C-581,Wei Chen,East,Clothing,Sofa,6,478.92,0.21,2270.0808,Cash,Pending,2024,3
O-1065,,C-992,Wei Chen,South,Electronics,Rice Bag,1,1629.81,0.13,1417.9347,Credit Card,Delivered,,
O-1066,,C-444,Wei Chen,South,Other,T-Shirt,8,248.94,0.20,1593.216,Cash,Delivered,,
O-1067,3/8/2024,C-920,Wei Chen,West,Other,Laptop,6,1049.13,0.26,4658.1372,Bank Transfer,Delivered,2024,3
O-1068,,C-526,Unknown,East,Furnitre,T-Shirt,6,922.79,0.26,4097.1876,PayPal,Cancelled,,
O-1069,3/10/2024,C-904,Jane Smith,West,Groceries,T-Shirt,1,802.36,0.23,617.8172,Credit Card,Delivered,2024,3
O-1070,3/11/2024,C-734,John Doe,North,Furniture,Rice Bag,4,420.96,0.23,1296.5568,Credit Card,Cancelled,2024,3
O-1071,3/12/2024,C-957,Ali Hassan,North,Groceries,Table,5,171.79,0.11,764.4655,PayPal,Cancelled,2024,3
O-1072,3/13/2024,C-410,Ali Hassan,North,Furnitre,Rice Bag,8,299.97,0.02,2351.7648,Cash,Returned,2024,3
O-1073,3/14/2024,C-903,Unknown,North,Groceries,Headphones,8,1250.58,0.29,7103.2944,Credit Card,Cancelled,2024,3
O-1074,3/15/2024,C-323,Fatima Noor,North,Groceries,Table,7,1191.68,0.06,7841.2544,Credit Card,Pending,2024,3
O-1075,3/16/2024,C-339,Ali Hassan,North,Groceries,Headphones,3,771.55,0.09,2106.3315,Credit Card,Delivered,2024,3
O-1076,3/17/2024,C-644,Unknown,East,Other,Rice Bag,4,,0.27,,Cash,Returned,2024,3
O-1077,3/18/2024,C-353,Jane Smith,West,Groceries,Sofa,2,1535.71,0.19,2487.8502,Credit Card,Returned,2024,3
O-1079,3/20/2024,C-901,Ali Hassan,South,Furnitre,Laptop,8,983.17,0.12,6921.5168,Cash,Returned,2024,3
O-1080,3/21/2024,C-736,Ali Hassan,East,Furniture,Sofa,6,475.48,0.07,2653.1784,Cash,Returned,2024,3
O-1081,3/22/2024,C-739,John Doe,South,Groceries,Headphones,10,924.4,0.04,8874.24,Cash,Returned,2024,3
O-1082,3/23/2024,C-853,Jane Smith,North,Clothing,Table,9,1102.54,0.10,8930.574,PayPal,Pending,2024,3
O-1083,3/24/2024,C-522,Jane Smith,South,Clothing,Laptop,2,1402.84,0.18,2300.6576,Credit Card,Delivered,2024,3
O-1084,3/25/2024,C-358,Unknown,North,Electronics,Headphones,10,1514.69,0.03,14692.493,Bank Transfer,Pending,2024,3
O-1085,3/26/2024,C-499,Wei Chen,South,Furniture,Laptop,2,705.45,0.26,1044.066,Bank Transfer,Cancelled,2024,3
O-1086,3/27/2024,C-861,Maria Garcia,East,Furnitre,Laptop,3,1951.32,0.25,4390.47,PayPal,Returned,2024,3
O-1087,3/28/2024,C-701,Ali Hassan,South,Electronics,Table,7,1859.16,0.22,10151.0136,Credit Card,Returned,2024,3
O-1088,3/29/2024,C-294,Wei Chen,West,Clothing,Rice Bag,8,1169.08,0.10,8417.376,Bank Transfer,Pending,2024,3
O-1089,3/30/2024,C-612,Wei Chen,East,Electronics,T-Shirt,8,395.85,0.18,2596.776,PayPal,Cancelled,2024,3
O-1091,4/1/2024,C-831,Fatima Noor,South,Electronics,T-Shirt,5,1501.67,0.09,6832.5985,PayPal,Delivered,2024,4
O-1092,4/2/2024,C-616,Ali Hassan,East,Groceries,Headphones,7,1600.1,0.16,9408.588,PayPal,Pending,2024,4
O-1093,,C-465,Wei Chen,South,Electronics,Sofa,7,1635.41,0.22,8929.3386,Credit Card,Cancelled,,
O-1094,4/4/2024,C-190,Jane Smith,West,Clothing,Headphones,8,1396.79,0.14,9609.9152,Cash,Cancelled,2024,4
O-1095,4/5/2024,C-634,Jane Smith,North,Furnitre,Headphones,7,1311.13,0.20,7342.328,PayPal,Cancelled,2024,4
O-1096,4/6/2024,C-457,Jane Smith,East,Groceries,Sofa,8,1318.06,0.22,8224.6944,PayPal,Delivered,2024,4
O-1097,4/7/2024,C-619,Maria Garcia,North,Furnitre,T-Shirt,2,1160.27,0.18,1902.8428,Bank Transfer,Pending,2024,4
O-1098,4/8/2024,C-948,Maria Garcia,South,Electronics,Sofa,9,1086.11,0.19,7917.7419,Credit Card,Delivered,2024,4
O-1099,,C-548,Ali Hassan,South,Electronics,Rice Bag,3,1258.47,0.25,2831.5575,Credit Card,Delivered,,
O-1100,4/10/2024,C-568,Fatima Noor,East,Furniture,T-Shirt,5,1876.13,0.30,6566.455,Bank Transfer,Returned,2024,4
O-1102,4/12/2024,C-579,Maria Garcia,West,Electronics,T-Shirt,4,136.33,0.01,539.8668,PayPal,Returned,2024,4
O-1103,4/13/2024,C-738,Fatima Noor,South,Furniture,T-Shirt,3,832.1,0.09,2271.633,Bank Transfer,Pending,2024,4
O-1104,4/14/2024,C-518,Unknown,East,Clothing,Laptop,7,1339.46,0.08,8626.1224,Bank Transfer,Delivered,2024,4
O-1105,4/15/2024,C-800,Fatima Noor,South,Electronics,Laptop,2,792.1,0.14,1362.412,Bank Transfer,Delivered,2024,4
O-1106,4/16/2024,C-333,Fatima Noor,North,Clothing,Rice Bag,7,699.61,0.17,4064.7341,Bank Transfer,Cancelled,2024,4
O-1107,4/17/2024,C-142,Ali Hassan,North,Groceries,T-Shirt,1,1434.35,0.30,1004.045,Cash,Pending,2024,4
O-1108,4/18/2024,C-802,John Doe,East,Furnitre,Sofa,1,1777.78,0.24,1351.1128,Bank Transfer,Cancelled,2024,4
O-1109,4/19/2024,C-871,Fatima Noor,North,Furniture,Laptop,2,1216.8,0.12,2141.568,Cash,Returned,2024,4
O-1110,4/20/2024,C-960,John Doe,East,Furnitre,Table,9,925.82,0.21,6582.5802,Cash,Pending,2024,4
O-1111,4/21/2024,C-730,Maria Garcia,North,Electronics,T-Shirt,4,1043.77,0.14,3590.5688,Cash,Returned,2024,4
O-1112,4/22/2024,C-805,Maria Garcia,East,Electronics,Rice Bag,6,649.92,0.19,3158.6112,PayPal,Pending,2024,4
O-1113,4/23/2024,C-957,Ali Hassan,West,Electronics,Table,4,630.93,0.08,2321.8224,Bank Transfer,Returned,2024,4
O-1114,4/24/2024,C-617,Ali Hassan,North,Furnitre,Headphones,5,1413.68,0.04,6785.664,Cash,Delivered,2024,4
O-1116,4/26/2024,C-636,Jane Smith,South,Clothing,Laptop,8,145.27,0.14,999.4576,Bank Transfer,Cancelled,2024,4
O-1117,4/27/2024,C-773,Fatima Noor,North,Furniture,Headphones,7,734.6,0.21,4062.338,PayPal,Returned,2024,4
O-1118,4/28/2024,C-984,Fatima Noor,North,Electronics,Laptop,4,941.41,0.18,3087.8248,Cash,Cancelled,2024,4
O-1119,4/29/2024,C-591,Wei Chen,North,Clothing,Sofa,4,1658.82,0.10,5971.752,Cash,Returned,2024,4
O-1120,4/30/2024,C-426,John Doe,North,Furniture,Headphones,7,546.43,0.09,3480.7591,Credit Card,Pending,2024,4
O-1121,5/1/2024,C-797,Fatima Noor,West,Electronics,Rice Bag,10,1929.11,0.02,18905.278,PayPal,Delivered,2024,5
O-1122,5/2/2024,C-514,John Doe,North,Clothing,Rice Bag,10,903.68,0.05,8584.96,Bank Transfer,Cancelled,2024,5
O-1123,5/3/2024,C-305,Wei Chen,North,Other,Headphones,9,53.54,0.03,467.4042,PayPal,Pending,2024,5
O-1124,5/4/2024,C-256,Unknown,West,Other,Laptop,4,711.53,0.04,2732.2752,Credit Card,Pending,2024,5
O-1125,5/5/2024,C-303,Ali Hassan,North,Clothing,Laptop,6,147.96,0.15,754.596,PayPal,Pending,2024,5
O-1126,5/6/2024,C-384,John Doe,South,Electronics,Laptop,8,1270.64,0.27,7420.5376,Cash,Cancelled,2024,5
O-1127,5/7/2024,C-464,Maria Garcia,North,Groceries,Laptop,9,1575.95,0.22,11063.169,Bank Transfer,Pending,2024,5
O-1128,,C-653,John Doe,South,Furniture,Laptop,4,1795.29,0.09,6534.8556,Credit Card,Returned,,
O-1129,5/9/2024,C-801,Jane Smith,East,Electronics,Sofa,7,1045.86,0.06,6881.7588,Credit Card,Returned,2024,5
O-1130,5/10/2024,C-471,John Doe,East,Other,T-Shirt,2,590.52,0.16,992.0736,PayPal,Returned,2024,5
O-1131,5/11/2024,C-262,Maria Garcia,North,Electronics,Laptop,4,1888.51,0.02,7402.9592,Cash,Returned,2024,5
O-1132,5/12/2024,C-786,Fatima Noor,North,Electronics,Headphones,1,275.72,0.25,206.79,Credit Card,Cancelled,2024,5
O-1133,5/13/2024,C-337,Jane Smith,West,Clothing,Table,7,1619.01,0.17,9406.4481,Cash,Delivered,2024,5
O-1134,5/14/2024,C-717,John Doe,East,Electronics,Sofa,6,533.45,0.18,2624.574,Credit Card,Delivered,2024,5
O-1135,5/15/2024,C-843,Fatima Noor,North,Groceries,T-Shirt,3,379.41,0.13,990.2601,Credit Card,Delivered,2024,5
O-1136,5/16/2024,C-490,John Doe,West,Electronics,Table,10,1093.35,0.19,8856.135,Bank Transfer,Delivered,2024,5
O-1137,5/17/2024,C-640,John Doe,South,Furniture,Laptop,7,422.17,0.18,2423.2558,Credit Card,Cancelled,2024,5
O-1138,5/18/2024,C-894,Wei Chen,East,Electronics,Table,2,541.77,0.18,888.5028,PayPal,Returned,2024,5
O-1139,5/19/2024,C-688,Fatima Noor,South,Furnitre,Rice Bag,3,464.09,0.06,1308.7338,Cash,Cancelled,2024,5
O-1140,5/20/2024,C-897,John Doe,North,Furnitre,T-Shirt,8,1634.92,0.20,10463.488,Credit Card,Pending,2024,5
O-1141,5/21/2024,C-814,Wei Chen,West,Electronics,T-Shirt,2,406.38,0.04,780.2496,Credit Card,Cancelled,2024,5
O-1142,5/22/2024,C-748,Wei Chen,South,Electronics,Rice Bag,5,1220.16,0.26,4514.592,Bank Transfer,Pending,2024,5
O-1143,5/23/2024,C-991,Fatima Noor,East,Electronics,Laptop,1,111.8,0.00,111.8,Credit Card,Cancelled,2024,5
O-1144,5/24/2024,C-836,John Doe,North,Electronics,Rice Bag,4,1302.15,0.28,3750.192,Cash,Delivered,2024,5
O-1145,5/25/2024,C-441,Maria Garcia,South,Electronics,Headphones,7,328.54,0.21,1816.8262,Bank Transfer,Delivered,2024,5
O-1146,5/26/2024,C-115,Wei Chen,North,Groceries,T-Shirt,6,1235.3,0.25,5558.85,Credit Card,Cancelled,2024,5
O-1147,5/27/2024,C-274,Wei Chen,South,Groceries,Rice Bag,5,1372.16,0.22,5351.424,Credit Card,Delivered,2024,5
O-1148,,C-602,Jane Smith,East,Furniture,Laptop,3,1500.51,0.10,4051.377,PayPal,Cancelled,,
O-1149,,C-353,Wei Chen,North,Furniture,T-Shirt,2,1994.71,0.06,3750.0548,Credit Card,Cancelled,,
O-1150,5/30/2024,C-974,Fatima Noor,East,Furnitre,T-Shirt,4,754.22,0.22,2353.1664,Cash,Cancelled,2024,5
O-1151,5/31/2024,C-471,Wei Chen,West,Electronics,T-Shirt,10,472.81,0.26,3498.794,Cash,Delivered,2024,5
O-1152,6/1/2024,C-978,Fatima Noor,South,Furniture,Headphones,10,603.78,0.05,5735.91,Credit Card,Returned,2024,6
O-1153,6/2/2024,C-599,Wei Chen,South,Electronics,T-Shirt,9,1222.5,0.20,8802,Cash,Delivered,2024,6
O-1154,6/3/2024,C-849,Ali Hassan,South,Other,Headphones,4,1476.15,0.06,5550.324,PayPal,Returned,2024,6
O-1155,,C-424,Unknown,West,Clothing,Sofa,1,322.16,0.07,299.6088,Bank Transfer,Pending,,
O-1156,6/5/2024,C-745,Jane Smith,East,Furniture,Laptop,9,395.67,0.25,2670.7725,Cash,Delivered,2024,6
O-1157,6/6/2024,C-653,John Doe,East,Electronics,Sofa,3,107.7,0.02,316.638,PayPal,Cancelled,2024,6
O-1158,6/7/2024,C-559,Jane Smith,North,Furniture,Rice Bag,9,21.11,0.00,189.99,Cash,Delivered,2024,6
O-1159,6/8/2024,C-704,Maria Garcia,West,Furnitre,T-Shirt,4,1256.17,0.13,4371.4716,Cash,Delivered,2024,6
O-1160,6/9/2024,C-550,Wei Chen,North,Clothing,Rice Bag,4,29.42,0.21,92.9672,Cash,Pending,2024,6
O-1161,6/10/2024,C-765,Maria Garcia,South,Furnitre,Headphones,1,1780.32,0.01,1762.5168,Cash,Cancelled,2024,6
O-1162,6/11/2024,C-771,Maria Garcia,North,Furniture,T-Shirt,3,590.49,0.08,1629.7524,Credit Card,Delivered,2024,6
O-1163,6/12/2024,C-385,Fatima Noor,West,Electronics,Headphones,9,395.62,0.27,2599.2234,Credit Card,Delivered,2024,6
O-1164,6/13/2024,C-551,Ali Hassan,South,Furnitre,Laptop,3,164.16,0.22,384.1344,Bank Transfer,Returned,2024,6
O-1165,6/14/2024,C-730,Ali Hassan,North,Groceries,Table,10,395.18,0.09,3596.138,Cash,Delivered,2024,6
O-1166,6/15/2024,C-181,Maria Garcia,East,Furniture,T-Shirt,2,1251.15,0.20,2001.84,Credit Card,Pending,2024,6
O-1167,6/16/2024,C-631,Ali Hassan,East,Groceries,Table,9,1293.52,0.25,8731.26,Credit Card,Returned,2024,6
O-1168,6/17/2024,C-626,Maria Garcia,North,Electronics,Sofa,5,1489.91,0.12,6555.604,Cash,Delivered,2024,6
O-1169,6/18/2024,C-916,Ali Hassan,North,Furnitre,Rice Bag,5,642.24,0.02,3146.976,Credit Card,Returned,2024,6
O-1170,6/19/2024,C-624,John Doe,East,Electronics,T-Shirt,10,928.11,0.06,8724.234,PayPal,Returned,2024,6
O-1171,6/20/2024,C-838,Jane Smith,North,Electronics,Sofa,3,146.8,0.24,334.704,Cash,Pending,2024,6
O-1172,6/21/2024,C-569,Jane Smith,West,Clothing,T-Shirt,8,1617.97,0.26,9578.3824,Credit Card,Delivered,2024,6
O-1173,6/22/2024,C-385,Maria Garcia,East,Electronics,Laptop,3,1388.94,0.12,3666.8016,Bank Transfer,Cancelled,2024,6
O-1174,6/23/2024,C-140,Maria Garcia,North,Furniture,Headphones,7,1125.71,0.19,6382.7757,Credit Card,Cancelled,2024,6
O-1175,6/24/2024,C-540,Fatima Noor,North,Furniture,T-Shirt,3,27.5,0.19,66.825,Cash,Returned,2024,6
O-1176,6/25/2024,C-975,Jane Smith,East,Groceries,Rice Bag,2,1370.61,0.19,2220.3882,Bank Transfer,Returned,2024,6
O-1177,6/26/2024,C-868,Maria Garcia,East,Furniture,T-Shirt,9,1708.08,0.08,14142.9024,Credit Card,Delivered,2024,6
O-1178,6/27/2024,C-727,Ali Hassan,North,Furnitre,Table,8,1183.55,0.29,6722.564,Cash,Pending,2024,6
O-1179,6/28/2024,C-116,Ali Hassan,North,Other,T-Shirt,1,1555.38,0.10,1399.842,Bank Transfer,Pending,2024,6
O-1180,6/29/2024,C-673,John Doe,West,Electronics,Laptop,8,1786.46,0.10,12862.512,PayPal,Returned,2024,6
O-1181,6/30/2024,C-661,John Doe,West,Groceries,Laptop,3,1521.3,0.27,3331.647,Credit Card,Pending,2024,6
O-1183,7/2/2024,C-380,Jane Smith,South,Furniture,Laptop,2,172.56,0.00,345.12,PayPal,Cancelled,2024,7
O-1185,7/4/2024,C-659,Maria Garcia,West,Furnitre,Rice Bag,2,676.09,0.14,1162.8748,Cash,Cancelled,2024,7
O-1186,7/5/2024,C-457,Maria Garcia,West,Electronics,Sofa,7,173.94,0.29,864.4818,PayPal,Cancelled,2024,7
O-1187,7/6/2024,C-399,John Doe,East,Electronics,Sofa,4,244.42,0.14,840.8048,Credit Card,Returned,2024,7
O-1188,7/7/2024,C-517,Fatima Noor,East,Other,Laptop,3,1135.35,0.27,2486.4165,Credit Card,Delivered,2024,7
O-1189,,C-192,Ali Hassan,West,Furniture,Rice Bag,3,13.93,0.13,36.3573,Bank Transfer,Cancelled,,
O-1190,7/9/2024,C-299,Ali Hassan,South,Electronics,Sofa,4,263.64,0.06,991.2864,PayPal,Delivered,2024,7
O-1191,7/10/2024,C-462,Maria Garcia,West,Clothing,T-Shirt,6,358.65,0.16,1807.596,Credit Card,Pending,2024,7
O-1192,7/11/2024,C-555,Fatima Noor,South,Furnitre,Headphones,6,698.34,0.15,3561.534,Credit Card,Cancelled,2024,7
O-1193,7/12/2024,C-878,Jane Smith,West,Groceries,Sofa,6,1439.9,0.08,7948.248,PayPal,Pending,2024,7
O-1194,7/13/2024,C-765,Unknown,North,Other,Sofa,8,772.75,0.23,4760.14,Bank Transfer,Pending,2024,7
O-1195,7/14/2024,C-518,John Doe,West,Groceries,Laptop,8,1937.01,0.04,14876.2368,Credit Card,Delivered,2024,7
O-1196,7/15/2024,C-864,Ali Hassan,North,Furnitre,Table,3,758.21,0.04,2183.6448,PayPal,Returned,2024,7
O-1197,7/16/2024,C-482,John Doe,South,Electronics,Sofa,7,619.34,0.11,3858.4882,Cash,Pending,2024,7
O-1198,7/17/2024,C-199,John Doe,North,Electronics,T-Shirt,2,1730.31,0.08,3183.7704,PayPal,Cancelled,2024,7
O-1199,7/18/2024,C-814,Fatima Noor,North,Clothing,Table,8,183.37,0.00,1466.96,PayPal,Delivered,2024,7
O-1200,7/19/2024,C-377,Jane Smith,North,Groceries,Headphones,5,1071.88,0.11,4769.866,Bank Transfer,Pending,2024,7
O-1201,7/20/2024,C-807,John Doe,West,Groceries,Rice Bag,5,22.42,0.15,95.285,Bank Transfer,Pending,2024,7
O-1202,7/21/2024,C-788,Jane Smith,South,Electronics,Headphones,8,297.97,0.04,2288.4096,Bank Transfer,Delivered,2024,7
O-1203,7/22/2024,C-329,Wei Chen,South,Groceries,Table,2,1092.55,0.29,1551.421,PayPal,Cancelled,2024,7
O-1204,7/23/2024,C-530,Jane Smith,East,Groceries,Sofa,4,133.44,0.23,410.9952,Cash,Pending,2024,7
O-1205,7/24/2024,C-242,Ali Hassan,East,Furnitre,T-Shirt,4,1194.55,0.24,3631.432,PayPal,Cancelled,2024,7
O-1206,7/25/2024,C-550,Wei Chen,West,Clothing,Table,7,242.53,0.25,1273.2825,Bank Transfer,Cancelled,2024,7
O-1207,7/26/2024,C-337,Jane Smith,North,Furniture,Headphones,7,1159.44,0.08,7466.7936,Credit Card,Returned,2024,7
O-1209,7/28/2024,C-900,Maria Garcia,South,Clothing,Sofa,8,1961.52,0.18,12867.5712,Bank Transfer,Pending,2024,7
O-1210,7/29/2024,C-391,Fatima Noor,East,Groceries,Headphones,7,780.6,0.27,3988.866,Bank Transfer,Delivered,2024,7
O-1211,7/30/2024,C-329,John Doe,West,Electronics,Headphones,2,544.04,0.02,1066.3184,Bank Transfer,Returned,2024,7
O-1212,7/31/2024,C-270,Maria Garcia,North,Groceries,Table,8,1118.53,0.01,8858.7576,Cash,Cancelled,2024,7
O-1213,8/1/2024,C-362,Fatima Noor,South,Furnitre,Headphones,6,1209.9,0.28,5226.768,Credit Card,Delivered,2024,8
O-1214,8/2/2024,C-709,Maria Garcia,South,Electronics,Rice Bag,9,1214.98,0.03,10606.7754,Bank Transfer,Delivered,2024,8
O-1215,8/3/2024,C-951,Fatima Noor,East,Electronics,Laptop,10,1867.33,0.14,16059.038,PayPal,Pending,2024,8
O-1216,8/4/2024,C-457,Jane Smith,East,Electronics,T-Shirt,9,1006.2,0.20,7244.64,Credit Card,Cancelled,2024,8
O-1217,8/5/2024,C-943,John Doe,East,Furniture,T-Shirt,5,1209.31,0.14,5200.033,Credit Card,Cancelled,2024,8
O-1219,,C-794,Wei Chen,West,Groceries,Sofa,1,100.26,0.12,88.2288,Bank Transfer,Pending,,
O-1220,8/8/2024,C-304,Wei Chen,West,Groceries,T-Shirt,4,192.56,0.18,631.5968,Cash,Pending,2024,8
O-1221,8/9/2024,C-718,Ali Hassan,West,Clothing,Laptop,10,384.12,0.23,2957.724,PayPal,Delivered,2024,8
O-1222,8/10/2024,C-871,Jane Smith,East,Furnitre,Laptop,7,1594.4,0.12,9821.504,Credit Card,Delivered,2024,8
O-1223,8/11/2024,C-413,Ali Hassan,North,Electronics,T-Shirt,7,1202.97,0.08,7747.1268,PayPal,Returned,2024,8
O-1224,8/12/2024,C-697,John Doe,North,Furniture,Rice Bag,2,1659.61,0.29,2356.6462,Bank Transfer,Delivered,2024,8
O-1225,8/13/2024,C-712,Wei Chen,West,Electronics,Sofa,6,1542.93,0.14,7961.5188,Bank Transfer,Returned,2024,8
O-1226,8/14/2024,C-267,John Doe,East,Furnitre,Laptop,9,1546.56,0.12,12248.7552,Bank Transfer,Returned,2024,8
O-1227,,C-463,Maria Garcia,South,Furnitre,Rice Bag,2,1682.79,0.21,2658.8082,Cash,Cancelled,,
O-1228,8/16/2024,C-866,Jane Smith,East,Furniture,T-Shirt,5,652.48,0.05,3099.28,Bank Transfer,Returned,2024,8
O-1229,8/17/2024,C-538,Ali Hassan,West,Clothing,Headphones,1,543.73,0.16,456.7332,Cash,Cancelled,2024,8
O-1230,8/18/2024,C-424,John Doe,West,Groceries,Rice Bag,6,1205.61,0.25,5425.245,Cash,Returned,2024,8
O-1231,8/19/2024,C-731,Wei Chen,West,Electronics,Rice Bag,9,501.87,0.12,3974.8104,Cash,Delivered,2024,8
O-1232,8/20/2024,C-596,Jane Smith,West,Furniture,Laptop,8,117.28,0.14,806.8864,Credit Card,Pending,2024,8
O-1233,8/21/2024,C-497,Wei Chen,North,Groceries,Headphones,2,1502.12,0.06,2823.9856,PayPal,Returned,2024,8
O-1234,8/22/2024,C-201,Wei Chen,East,Furnitre,Sofa,6,363.33,0.29,1547.7858,PayPal,Cancelled,2024,8
O-1235,8/23/2024,C-212,John Doe,North,Clothing,Laptop,4,420.72,0.22,1312.6464,PayPal,Returned,2024,8
O-1236,8/24/2024,C-275,Fatima Noor,East,Furniture,Sofa,7,1996.72,0.08,12858.8768,PayPal,Pending,2024,8
O-1237,8/25/2024,C-134,Fatima Noor,East,Other,Headphones,2,222.42,0.25,333.63,Bank Transfer,Returned,2024,8
O-1239,8/27/2024,C-169,Wei Chen,West,Electronics,Laptop,8,1208.04,0.16,8118.0288,Cash,Delivered,2024,8
O-1240,8/28/2024,C-857,Ali Hassan,South,Groceries,Sofa,8,157.45,0.17,1045.468,PayPal,Cancelled,2024,8
O-1241,8/29/2024,C-868,Maria Garcia,West,Furniture,Laptop,9,459.01,0.30,2891.763,Bank Transfer,Pending,2024,8
O-1242,8/30/2024,C-493,Maria Garcia,West,Furniture,Sofa,5,1548.11,0.25,5805.4125,Credit Card,Cancelled,2024,8
O-1243,8/31/2024,C-615,Fatima Noor,East,Furnitre,Sofa,3,1478.9,0.19,3593.727,Credit Card,Cancelled,2024,8
O-1244,9/1/2024,C-383,Ali Hassan,South,Furnitre,Headphones,2,570.65,0.03,1107.061,Credit Card,Delivered,2024,9
O-1245,9/2/2024,C-320,John Doe,South,Furniture,Headphones,9,1409.74,0.06,11926.4004,Credit Card,Pending,2024,9
O-1246,9/3/2024,C-537,Jane Smith,North,Clothing,Rice Bag,1,51.84,0.01,51.3216,PayPal,Cancelled,2024,9
O-1248,9/5/2024,C-574,John Doe,East,Furniture,Headphones,1,192.73,0.20,154.184,Cash,Returned,2024,9
O-1249,9/6/2024,C-715,Fatima Noor,North,Groceries,Sofa,3,1779.07,0.17,4429.8843,Credit Card,Delivered,2024,9
O-1250,9/7/2024,C-886,Jane Smith,North,Electronics,Sofa,7,354.26,0.03,2405.4254,Credit Card,Returned,2024,9
O-1251,9/8/2024,C-950,John Doe,South,Electronics,Table,8,312.92,0.20,2002.688,Bank Transfer,Cancelled,2024,9
O-1252,9/9/2024,C-505,Maria Garcia,West,Electronics,T-Shirt,5,617.56,0.15,2624.63,Credit Card,Pending,2024,9
O-1253,9/10/2024,C-252,Fatima Noor,South,Electronics,Table,6,1577.65,0.11,8424.651,Bank Transfer,Delivered,2024,9
O-1254,9/11/2024,C-468,Maria Garcia,East,Clothing,Laptop,4,1648.9,0.24,5012.656,Credit Card,Returned,2024,9
O-1255,9/12/2024,C-536,Jane Smith,East,Groceries,Laptop,7,897.43,0.27,4585.8673,Cash,Delivered,2024,9
O-1256,9/13/2024,C-839,John Doe,West,Furnitre,Rice Bag,10,1240.27,0.23,9550.079,Bank Transfer,Returned,2024,9
O-1258,9/15/2024,C-274,Ali Hassan,West,Groceries,Headphones,2,1457.19,0.03,2826.9486,Bank Transfer,Cancelled,2024,9
O-1260,9/17/2024,C-781,Maria Garcia,North,Electronics,Laptop,8,1578.39,0.24,9596.6112,Bank Transfer,Returned,2024,9
O-1261,9/18/2024,C-235,Fatima Noor,North,Furnitre,Sofa,2,1479.37,0.28,2130.2928,PayPal,Delivered,2024,9
O-1262,9/19/2024,C-452,Fatima Noor,South,Furniture,Headphones,4,414.57,0.00,1658.28,PayPal,Delivered,2024,9
O-1263,9/20/2024,C-222,Ali Hassan,South,Furnitre,T-Shirt,7,406.13,0.08,2615.4772,Bank Transfer,Pending,2024,9
O-1264,9/21/2024,C-633,Maria Garcia,South,Electronics,Laptop,7,1797.62,0.19,10192.5054,Bank Transfer,Returned,2024,9
O-1265,9/22/2024,C-494,Ali Hassan,West,Clothing,Rice Bag,2,1474.8,0.11,2625.144,Cash,Delivered,2024,9
O-1266,9/23/2024,C-805,Maria Garcia,West,Clothing,Headphones,4,753.63,0.02,2954.2296,PayPal,Returned,2024,9
O-1268,9/25/2024,C-984,Ali Hassan,West,Electronics,Headphones,9,1227.97,0.26,8178.2802,Cash,Delivered,2024,9
O-1269,9/26/2024,C-189,Ali Hassan,South,Furnitre,T-Shirt,4,50.67,0.29,143.9028,PayPal,Delivered,2024,9
O-1270,9/27/2024,C-910,Maria Garcia,West,Groceries,Laptop,4,1975.93,0.27,5769.7156,Bank Transfer,Returned,2024,9
O-1271,9/28/2024,C-731,Fatima Noor,South,Clothing,Headphones,2,1395.31,0.03,2706.9014,Bank Transfer,Returned,2024,9
O-1272,9/29/2024,C-726,Fatima Noor,West,Electronics,Headphones,10,1430.09,0.09,13013.819,Bank Transfer,Delivered,2024,9
O-1274,10/1/2024,C-979,Fatima Noor,East,Electronics,Table,2,814.81,0.03,1580.7314,PayPal,Cancelled,2024,10
O-1275,,C-786,John Doe,East,Furniture,Headphones,7,1105.23,0.09,7040.3151,Bank Transfer,Pending,,
O-1276,10/3/2024,C-655,Maria Garcia,North,Furniture,Table,5,1220.37,0.15,5186.5725,Bank Transfer,Returned,2024,10
O-1277,10/4/2024,C-716,Wei Chen,West,Groceries,T-Shirt,2,1637.28,0.04,3143.5776,Cash,Delivered,2024,10
O-1278,10/5/2024,C-286,Wei Chen,South,Furnitre,Headphones,7,1726.46,0.04,11601.8112,Cash,Delivered,2024,10
O-1279,10/6/2024,C-119,John Doe,North,Furnitre,Rice Bag,3,494.35,0.23,1141.9485,PayPal,Cancelled,2024,10
O-1280,10/7/2024,C-157,Unknown,North,Clothing,Sofa,5,1848.85,0.06,8689.595,PayPal,Cancelled,2024,10
O-1281,10/8/2024,C-302,Jane Smith,South,Furnitre,Headphones,1,1963.77,0.00,1963.77,Bank Transfer,Pending,2024,10
O-1282,10/9/2024,C-821,John Doe,East,Electronics,Table,4,1116.85,0.19,3618.594,Bank Transfer,Returned,2024,10
O-1283,10/10/2024,C-342,Fatima Noor,East,Furniture,Laptop,8,896.53,0.30,5020.568,Credit Card,Delivered,2024,10
O-1284,,C-138,Jane Smith,North,Furnitre,Laptop,8,1362.67,0.00,10901.36,Bank Transfer,Pending,,
O-1285,10/12/2024,C-509,Maria Garcia,North,Groceries,Table,1,1999.63,0.17,1659.6929,Credit Card,Pending,2024,10
O-1286,10/13/2024,C-552,Maria Garcia,South,Electronics,T-Shirt,1,968.41,0.26,716.6234,Credit Card,Returned,2024,10
O-1287,10/14/2024,C-301,Fatima Noor,North,Groceries,Rice Bag,8,1732.34,0.25,10394.04,PayPal,Returned,2024,10
O-1288,10/15/2024,C-288,Fatima Noor,North,Furniture,Table,5,1794.86,0.07,8346.099,Cash,Returned,2024,10
O-1289,10/16/2024,C-874,Jane Smith,East,Electronics,Headphones,6,744.2,0.02,4375.896,Cash,Delivered,2024,10
O-1290,10/17/2024,C-624,Wei Chen,East,Electronics,Sofa,5,1025.17,0.22,3998.163,PayPal,Returned,2024,10
O-1291,10/18/2024,C-516,Fatima Noor,East,Furnitre,Laptop,7,252.16,0.13,1535.6544,Cash,Cancelled,2024,10
O-1292,10/19/2024,C-647,Ali Hassan,East,Groceries,Laptop,9,238.37,0.16,1802.0772,Credit Card,Delivered,2024,10
O-1293,10/20/2024,C-632,Wei Chen,West,Clothing,T-Shirt,8,456.88,0.00,3655.04,Credit Card,Delivered,2024,10
O-1294,10/21/2024,C-668,Ali Hassan,West,Furnitre,Laptop,7,1496.62,0.04,10057.2864,PayPal,Returned,2024,10
O-1295,,C-850,Wei Chen,North,Electronics,Headphones,8,979.63,0.02,7680.2992,Bank Transfer,Returned,,
O-1296,10/23/2024,C-547,Wei Chen,East,Other,Sofa,10,1227.21,0.09,11167.611,PayPal,Delivered,2024,10
O-1297,10/24/2024,C-544,Wei Chen,North,Electronics,Laptop,4,645.87,0.26,1911.7752,Cash,Delivered,2024,10
O-1298,10/25/2024,C-661,Wei Chen,South,Electronics,Laptop,9,765.29,0.24,5234.5836,Bank Transfer,Returned,2024,10
O-1299,10/26/2024,C-550,Wei Chen,North,Electronics,Laptop,4,1177.04,0.12,4143.1808,Bank Transfer,Pending,2024,10
O-1300,10/27/2024,C-782,Fatima Noor,East,Clothing,Sofa,10,45.68,0.17,379.144,Credit Card,Pending,2024,10
O-1301,10/28/2024,C-622,Jane Smith,West,Furniture,Laptop,7,1948.67,0.05,12958.6555,Credit Card,Returned,2024,10
O-1302,10/29/2024,C-586,John Doe,North,Groceries,Table,7,1762.26,0.15,10485.447,PayPal,Returned,2024,10
O-1303,10/30/2024,C-906,John Doe,East,Furniture,Headphones,1,1119.01,0.04,1074.2496,Cash,Returned,2024,10
O-1304,10/31/2024,C-195,Jane Smith,East,Furnitre,Laptop,5,494.69,0.21,1954.0255,PayPal,Pending,2024,10
O-1305,11/1/2024,C-958,Maria Garcia,South,Groceries,Laptop,10,1967.14,0.18,16130.548,Bank Transfer,Pending,2024,11
O-1306,11/2/2024,C-690,Fatima Noor,North,Other,Laptop,7,683.41,0.06,4496.8378,Cash,Pending,2024,11
O-1307,11/3/2024,C-245,Ali Hassan,South,Electronics,T-Shirt,1,1546.01,0.03,1499.6297,Cash,Pending,2024,11
O-1308,11/4/2024,C-455,Jane Smith,East,Electronics,Laptop,2,1010.54,0.04,1940.2368,PayPal,Cancelled,2024,11
O-1309,11/5/2024,C-987,Fatima Noor,West,Furniture,Laptop,5,1205.78,0.28,4340.808,Bank Transfer,Delivered,2024,11
O-1310,11/6/2024,C-624,Ali Hassan,West,Clothing,Headphones,9,255.18,0.12,2021.0256,Cash,Returned,2024,11
O-1311,11/7/2024,C-928,Fatima Noor,East,Groceries,Rice Bag,10,1805.63,0.04,17334.048,Credit Card,Pending,2024,11
O-1312,11/8/2024,C-475,Wei Chen,South,Other,Table,7,1470.98,0.16,8649.3624,Cash,Returned,2024,11
O-1313,11/9/2024,C-603,John Doe,West,Furniture,Sofa,3,1944,0.11,5190.48,PayPal,Cancelled,2024,11
O-1314,11/10/2024,C-836,Ali Hassan,East,Furnitre,Table,9,1372.57,0.05,11735.4735,Cash,Pending,2024,11
O-1315,11/11/2024,C-240,Jane Smith,South,Furnitre,Sofa,2,1185.18,0.26,1754.0664,Cash,Cancelled,2024,11
O-1316,11/12/2024,C-410,Unknown,North,Clothing,Table,8,1469.72,0.04,11287.4496,Cash,Cancelled,2024,11
O-1317,11/13/2024,C-904,Wei Chen,West,Groceries,Laptop,3,817,0.19,1985.31,PayPal,Returned,2024,11
O-1318,11/14/2024,C-690,Jane Smith,West,Clothing,T-Shirt,8,844.26,0.07,6281.2944,Cash,Returned,2024,11
O-1319,11/15/2024,C-122,Fatima Noor,West,Other,Laptop,7,1440.04,0.27,7358.6044,Credit Card,Returned,2024,11
O-1320,11/16/2024,C-197,John Doe,North,Electronics,Headphones,3,1839.72,0.04,5298.3936,Cash,Delivered,2024,11
O-1321,11/17/2024,C-421,Ali Hassan,South,Furniture,Headphones,5,79.14,0.19,320.517,Cash,Delivered,2024,11
O-1322,11/18/2024,C-226,John Doe,South,Furnitre,Headphones,3,101.5,0.30,213.15,Credit Card,Pending,2024,11
O-1323,11/19/2024,C-423,John Doe,East,Groceries,T-Shirt,2,353.37,0.20,565.392,PayPal,Cancelled,2024,11
O-1324,11/20/2024,C-966,Maria Garcia,South,Furniture,T-Shirt,5,780.51,0.18,3200.091,Cash,Cancelled,2024,11
O-1325,11/21/2024,C-229,Wei Chen,North,Electronics,Sofa,1,1004.09,0.18,823.3538,PayPal,Pending,2024,11
O-1326,11/22/2024,C-628,Jane Smith,East,Furniture,Sofa,6,90.05,0.23,416.031,PayPal,Cancelled,2024,11
O-1327,11/23/2024,C-626,Fatima Noor,South,Furniture,Headphones,3,510.56,0.01,1516.3632,Credit Card,Delivered,2024,11
O-1328,11/24/2024,C-351,Wei Chen,East,Furniture,Rice Bag,8,608.88,0.13,4237.8048,Bank Transfer,Delivered,2024,11
O-1329,11/25/2024,C-943,Maria Garcia,East,Furniture,Sofa,3,1406.66,0.03,4093.3806,Credit Card,Pending,2024,11
O-1330,11/26/2024,C-897,John Doe,South,Furnitre,Sofa,9,482.01,0.03,4207.9473,PayPal,Pending,2024,11
O-1331,11/27/2024,C-277,Fatima Noor,West,Clothing,Laptop,1,811.23,0.17,673.3209,PayPal,Pending,2024,11
O-1332,11/28/2024,C-539,Wei Chen,West,Furnitre,Rice Bag,1,613.76,0.27,448.0448,PayPal,Returned,2024,11
O-1333,,C-322,John Doe,East,Groceries,T-Shirt,5,426.36,0.16,1790.712,PayPal,Returned,,
O-1334,11/30/2024,C-699,Ali Hassan,West,Electronics,Rice Bag,10,1608.46,0.28,11580.912,PayPal,Cancelled,2024,11
O-1335,12/1/2024,C-286,Ali Hassan,North,Groceries,Headphones,4,1509.97,0.00,6039.88,Credit Card,Delivered,2024,12
O-1336,12/2/2024,C-605,Maria Garcia,West,Groceries,Laptop,1,1293.87,0.24,983.3412,PayPal,Returned,2024,12
O-1337,12/3/2024,C-101,Jane Smith,North,Groceries,Table,5,988.78,0.28,3559.608,Bank Transfer,Returned,2024,12
O-1338,12/4/2024,C-696,Jane Smith,West,Electronics,Rice Bag,6,1254.32,0.18,6171.2544,Credit Card,Pending,2024,12
O-1339,12/5/2024,C-453,Maria Garcia,East,Groceries,Table,4,1976.45,0.28,5692.176,Cash,Pending,2024,12
O-1340,12/6/2024,C-262,Ali Hassan,East,Furnitre,Rice Bag,6,277.16,0.11,1480.0344,Bank Transfer,Pending,2024,12
O-1341,12/7/2024,C-760,Jane Smith,South,Electronics,T-Shirt,10,129.74,0.12,1141.712,Bank Transfer,Delivered,2024,12
O-1342,12/8/2024,C-180,Jane Smith,North,Furnitre,Table,10,317.01,0.18,2599.482,PayPal,Pending,2024,12
O-1343,12/9/2024,C-166,Wei Chen,South,Electronics,Sofa,5,1752.22,0.16,7359.324,Bank Transfer,Pending,2024,12
O-1344,12/10/2024,C-613,Wei Chen,East,Electronics,T-Shirt,3,177,0.01,525.69,Bank Transfer,Cancelled,2024,12
O-1345,12/11/2024,C-164,Ali Hassan,South,Other,T-Shirt,9,1451.64,0.25,9798.57,Credit Card,Cancelled,2024,12
O-1346,12/12/2024,C-895,Jane Smith,South,Electronics,Laptop,2,753.45,0.19,1220.589,Bank Transfer,Delivered,2024,12
O-1347,12/13/2024,C-105,John Doe,West,Electronics,Table,5,1810.18,0.30,6335.63,PayPal,Returned,2024,12
O-1348,12/14/2024,C-935,Fatima Noor,East,Electronics,Sofa,4,1637.91,0.29,4651.6644,PayPal,Cancelled,2024,12
O-1349,12/15/2024,C-322,John Doe,North,Furniture,Rice Bag,1,565.55,0.15,480.7175,Credit Card,Cancelled,2024,12
O-1350,12/16/2024,C-284,Ali Hassan,West,Furniture,Laptop,2,1070.81,0.11,1906.0418,Credit Card,Delivered,2024,12
O-1351,12/17/2024,C-272,Maria Garcia,West,Furniture,Laptop,1,506.28,0.02,496.1544,Cash,Returned,2024,12
O-1352,12/18/2024,C-694,Fatima Noor,North,Electronics,Rice Bag,1,1685.5,0.12,1483.24,Bank Transfer,Pending,2024,12
O-1353,,C-118,John Doe,North,Clothing,Table,3,126.63,0.09,345.6999,Bank Transfer,Delivered,,
O-1354,12/20/2024,C-284,Wei Chen,West,Electronics,Table,4,646.61,0.21,2043.2876,Cash,Cancelled,2024,12
O-1355,12/21/2024,C-205,Wei Chen,East,Other,Sofa,9,1668.32,0.13,13062.9456,Credit Card,Returned,2024,12
O-1356,12/22/2024,C-862,Unknown,North,Electronics,Headphones,1,608.09,0.10,547.281,Credit Card,Returned,2024,12
O-1357,12/23/2024,C-858,Wei Chen,West,Clothing,Rice Bag,2,307.42,0.19,498.0204,Credit Card,Returned,2024,12
O-1358,12/24/2024,C-993,Maria Garcia,North,Electronics,Rice Bag,10,1239.55,0.18,10164.31,PayPal,Returned,2024,12
O-1359,12/25/2024,C-961,Ali Hassan,West,Groceries,Sofa,9,1881.43,0.23,13038.3099,Cash,Pending,2024,12
O-1360,12/26/2024,C-456,Fatima Noor,East,Electronics,Headphones,8,1367.28,0.18,8969.3568,Bank Transfer,Cancelled,2024,12
O-1361,12/27/2024,C-847,Unknown,North,Furnitre,T-Shirt,6,1527.41,0.28,6598.4112,PayPal,Pending,2024,12
O-1362,12/28/2024,C-820,Wei Chen,South,Electronics,Sofa,2,1830.26,0.23,2818.6004,Bank Transfer,Cancelled,2024,12
O-1363,12/29/2024,C-590,John Doe,South,Furnitre,Sofa,5,1573.33,0.26,5821.321,Credit Card,Returned,2024,12
O-1364,12/30/2024,C-401,Maria Garcia,South,Electronics,Rice Bag,2,712.59,0.28,1026.1296,Bank Transfer,Delivered,2024,12
O-1365,12/31/2024,C-138,Wei Chen,South,Groceries,T-Shirt,4,1241.22,0.26,3674.0112,Cash,Pending,2024,12
O-1366,1/1/2025,C-434,John Doe,North,Electronics,Headphones,7,1474.46,0.23,7947.3394,Bank Transfer,Delivered,2025,1
O-1367,1/2/2025,C-882,Ali Hassan,East,Furnitre,Table,7,640.82,0.29,3184.8754,PayPal,Returned,2025,1
O-1368,1/3/2025,C-683,Wei Chen,North,Furnitre,Laptop,2,1660.13,0.06,3121.0444,Bank Transfer,Cancelled,2025,1
O-1369,1/4/2025,C-529,Fatima Noor,West,Furniture,Table,1,1182.25,0.22,922.155,PayPal,Pending,2025,1
O-1370,1/5/2025,C-538,Fatima Noor,South,Electronics,Sofa,5,447.55,0.21,1767.8225,Bank Transfer,Delivered,2025,1
O-1371,1/6/2025,C-385,Unknown,North,Furniture,Sofa,9,1881.55,0.23,13039.1415,Credit Card,Returned,2025,1
O-1372,1/7/2025,C-982,Fatima Noor,South,Furnitre,Rice Bag,4,1401.17,0.17,4651.8844,Bank Transfer,Delivered,2025,1
O-1373,1/8/2025,C-571,Maria Garcia,West,Groceries,Headphones,7,874.27,0.21,4834.7131,Bank Transfer,Cancelled,2025,1
O-1374,,C-830,Unknown,North,Clothing,Table,7,1876.19,0.17,10900.6639,Bank Transfer,Pending,,
O-1375,1/10/2025,C-873,John Doe,South,Electronics,Laptop,2,1704,0.17,2828.64,Bank Transfer,Returned,2025,1
O-1376,1/11/2025,C-165,John Doe,West,Electronics,Laptop,6,1481.28,0.15,7554.528,Cash,Returned,2025,1
O-1377,1/12/2025,C-952,Unknown,West,Clothing,Laptop,3,1170.86,0.17,2915.4414,Cash,Delivered,2025,1
O-1378,1/13/2025,C-580,Ali Hassan,East,Furniture,Headphones,4,1833.08,0.16,6159.1488,PayPal,Delivered,2025,1
O-1379,1/14/2025,C-421,Ali Hassan,East,Furniture,T-Shirt,1,260.74,0.10,234.666,Bank Transfer,Pending,2025,1
O-1380,1/15/2025,C-650,Wei Chen,South,Clothing,Headphones,1,99.86,0.25,74.895,PayPal,Cancelled,2025,1
O-1381,1/16/2025,C-861,Maria Garcia,South,Electronics,Laptop,3,275.81,0.13,719.8641,Cash,Returned,2025,1
O-1382,1/17/2025,C-842,Fatima Noor,North,Groceries,Laptop,1,962.81,0.02,943.5538,PayPal,Pending,2025,1
O-1383,1/18/2025,C-936,Jane Smith,North,Electronics,T-Shirt,8,1342.93,0.06,10098.8336,PayPal,Delivered,2025,1
O-1384,1/19/2025,C-321,Wei Chen,South,Clothing,Headphones,7,783.09,0.08,5043.0996,PayPal,Cancelled,2025,1
O-1385,1/20/2025,C-268,Wei Chen,North,Clothing,T-Shirt,10,1309.95,0.07,12182.535,PayPal,Pending,2025,1
O-1386,1/21/2025,C-887,Ali Hassan,South,Electronics,Laptop,4,162.28,0.08,597.1904,Bank Transfer,Pending,2025,1
O-1387,1/22/2025,C-425,Maria Garcia,North,Electronics,Headphones,3,711.88,0.06,2007.5016,Credit Card,Pending,2025,1
O-1388,1/23/2025,C-634,Unknown,West,Groceries,Laptop,6,86.08,0.02,506.1504,Bank Transfer,Cancelled,2025,1
O-1389,1/24/2025,C-144,Fatima Noor,West,Electronics,Headphones,9,360.09,0.15,2754.6885,Cash,Cancelled,2025,1
O-1390,1/25/2025,C-233,Maria Garcia,West,Electronics,Rice Bag,5,1018.7,0.07,4736.955,Credit Card,Cancelled,2025,1
O-1391,1/26/2025,C-523,Wei Chen,West,Furnitre,Laptop,8,650.44,0.22,4058.7456,Cash,Cancelled,2025,1
O-1392,1/27/2025,C-678,Ali Hassan,South,Furniture,Laptop,6,765.84,0.13,3997.6848,PayPal,Delivered,2025,1
O-1393,1/28/2025,C-827,Wei Chen,North,Clothing,T-Shirt,2,1222.39,0.08,2249.1976,Credit Card,Returned,2025,1
O-1394,1/29/2025,C-641,Unknown,East,Other,Rice Bag,8,1392.67,0.30,7798.952,Credit Card,Returned,2025,1
O-1395,1/30/2025,C-908,Maria Garcia,North,Electronics,Table,5,317.06,0.26,1173.122,Cash,Returned,2025,1
O-1396,1/31/2025,C-268,John Doe,West,Furnitre,Sofa,3,1907.52,0.17,4749.7248,PayPal,Cancelled,2025,1
O-1397,,C-671,Wei Chen,East,Electronics,Headphones,9,1528.36,0.20,11004.192,PayPal,Returned,,
O-1398,2/2/2025,C-945,Ali Hassan,South,Groceries,T-Shirt,7,823.23,0.05,5474.4795,Cash,Cancelled,2025,2
O-1399,2/3/2025,C-618,Jane Smith,North,Electronics,Sofa,4,1935.29,0.22,6038.1048,Credit Card,Cancelled,2025,2
O-1400,2/4/2025,C-931,Maria Garcia,West,Furniture,Table,7,1090.06,0.22,5951.7276,Credit Card,Pending,2025,2
O-1401,2/5/2025,C-920,Jane Smith,East,Clothing,T-Shirt,7,233.58,0.07,1520.6058,PayPal,Cancelled,2025,2
O-1402,2/6/2025,C-909,Jane Smith,South,Groceries,Headphones,6,1560.44,0.28,6741.1008,Cash,Returned,2025,2
O-1403,2/7/2025,C-688,Wei Chen,South,Electronics,Sofa,3,279.08,0.06,787.0056,Bank Transfer,Pending,2025,2
O-1404,2/8/2025,C-263,Jane Smith,North,Clothing,Table,10,526.71,0.13,4582.377,Credit Card,Pending,2025,2
O-1405,2/9/2025,C-932,John Doe,North,Clothing,Table,8,205.76,0.15,1399.168,Bank Transfer,Pending,2025,2
O-1406,2/10/2025,C-304,Unknown,South,Clothing,T-Shirt,5,903.87,0.12,3977.028,Cash,Delivered,2025,2
O-1407,2/11/2025,C-591,Wei Chen,West,Groceries,Laptop,2,1628.73,0.19,2638.5426,Cash,Delivered,2025,2
O-1408,2/12/2025,C-196,Unknown,South,Groceries,Laptop,7,1048.53,0.04,7046.1216,Cash,Returned,2025,2
O-1409,2/13/2025,C-193,Jane Smith,North,Groceries,Sofa,9,579.99,0.15,4436.9235,Bank Transfer,Delivered,2025,2
O-1410,2/14/2025,C-443,Wei Chen,North,Electronics,Laptop,8,1405.96,0.28,8098.3296,Bank Transfer,Pending,2025,2
O-1411,2/15/2025,C-673,John Doe,South,Clothing,Sofa,4,898.75,0.10,3235.5,PayPal,Delivered,2025,2
O-1412,2/16/2025,C-908,Maria Garcia,West,Furnitre,Headphones,1,882.57,0.22,688.4046,Credit Card,Pending,2025,2
O-1413,2/17/2025,C-450,Jane Smith,North,Furniture,T-Shirt,7,234.03,0.22,1277.8038,PayPal,Pending,2025,2
O-1414,2/18/2025,C-529,Ali Hassan,East,Electronics,Headphones,8,909.3,0.16,6110.496,Bank Transfer,Pending,2025,2
O-1415,2/19/2025,C-808,Jane Smith,East,Clothing,Sofa,5,162.69,0.07,756.5085,Credit Card,Cancelled,2025,2
O-1416,2/20/2025,C-740,Ali Hassan,South,Electronics,T-Shirt,10,305.79,0.25,2293.425,Bank Transfer,Returned,2025,2
O-1417,2/21/2025,C-158,Fatima Noor,South,Clothing,Headphones,5,1369.14,0.20,5476.56,Cash,Returned,2025,2
O-1418,2/22/2025,C-690,Jane Smith,East,Electronics,Rice Bag,6,825.56,0.23,3814.0872,Cash,Delivered,2025,2
O-1419,2/23/2025,C-120,John Doe,East,Electronics,T-Shirt,8,930.83,0.28,5361.5808,Cash,Delivered,2025,2
O-1420,2/24/2025,C-507,Jane Smith,West,Electronics,Sofa,8,1233.77,0.10,8883.144,Bank Transfer,Pending,2025,2
O-1422,2/26/2025,C-411,John Doe,East,Clothing,Laptop,7,518.2,0.13,3155.838,Bank Transfer,Cancelled,2025,2
O-1423,2/27/2025,C-758,Jane Smith,East,Clothing,Table,3,1826.58,0.15,4657.779,Credit Card,Delivered,2025,2
O-1424,2/28/2025,C-973,Ali Hassan,South,Furniture,Sofa,7,1966.75,0.29,9774.7475,Cash,Cancelled,2025,2
O-1425,3/1/2025,C-775,Wei Chen,West,Clothing,Sofa,2,1848.99,0.16,3106.3032,Bank Transfer,Pending,2025,3
O-1426,3/2/2025,C-437,John Doe,South,Furnitre,Rice Bag,3,631.21,0.09,1723.2033,Credit Card,Returned,2025,3
O-1427,3/3/2025,C-979,Wei Chen,North,Clothing,Laptop,9,1473.08,0.26,9810.7128,Credit Card,Pending,2025,3
O-1428,3/4/2025,C-184,Jane Smith,North,Groceries,Sofa,7,152.98,0.10,963.774,PayPal,Cancelled,2025,3
O-1429,3/5/2025,C-207,Ali Hassan,East,Electronics,Sofa,8,1662.76,0.23,10242.6016,PayPal,Pending,2025,3
O-1430,3/6/2025,C-304,Maria Garcia,North,Other,Rice Bag,1,147.73,0.11,131.4797,Bank Transfer,Delivered,2025,3
O-1431,3/7/2025,C-983,Ali Hassan,South,Electronics,Laptop,9,1817.7,0.17,13578.219,Credit Card,Pending,2025,3
O-1432,3/8/2025,C-721,Wei Chen,West,Clothing,Laptop,10,102.78,0.13,894.186,Credit Card,Cancelled,2025,3
O-1433,3/9/2025,C-145,Wei Chen,North,Clothing,Rice Bag,9,1496.49,0.23,10370.6757,Credit Card,Pending,2025,3
O-1434,3/10/2025,C-302,Maria Garcia,North,Electronics,Sofa,8,632.23,0.02,4956.6832,Bank Transfer,Pending,2025,3
O-1436,3/12/2025,C-345,Maria Garcia,East,Electronics,Rice Bag,3,170.45,0.03,496.0095,Cash,Returned,2025,3
O-1437,3/13/2025,C-601,Maria Garcia,West,Groceries,Laptop,9,1066.16,0.19,7772.3064,Cash,Pending,2025,3
O-1438,3/14/2025,C-971,Fatima Noor,West,Furniture,Laptop,2,1842.34,0.10,3316.212,Cash,Pending,2025,3
O-1439,3/15/2025,C-296,Wei Chen,South,Furnitre,Laptop,9,1962.08,0.21,13950.3888,Cash,Cancelled,2025,3
O-1440,3/16/2025,C-377,John Doe,South,Furnitre,Rice Bag,6,674.15,0.16,3397.716,Bank Transfer,Cancelled,2025,3
O-1441,3/17/2025,C-679,Wei Chen,South,Electronics,Rice Bag,2,1733.35,0.03,3362.699,Bank Transfer,Cancelled,2025,3
O-1442,3/18/2025,C-137,Jane Smith,West,Groceries,Headphones,10,826.67,0.08,7605.364,Bank Transfer,Returned,2025,3
O-1443,3/19/2025,C-775,John Doe,East,Groceries,Headphones,9,472.23,0.11,3782.5623,PayPal,Delivered,2025,3
O-1444,3/20/2025,C-516,Fatima Noor,North,Furniture,Laptop,9,1707.19,0.17,12752.7093,Cash,Pending,2025,3
O-1445,3/21/2025,C-698,Jane Smith,East,Furnitre,T-Shirt,10,602.51,0.12,5302.088,PayPal,Returned,2025,3
O-1446,3/22/2025,C-711,John Doe,East,Groceries,T-Shirt,6,971.67,0.15,4955.517,PayPal,Returned,2025,3
O-1447,3/23/2025,C-314,Maria Garcia,West,Furnitre,Table,10,1784.48,0.06,16774.112,Cash,Returned,2025,3
O-1448,3/24/2025,C-523,Wei Chen,North,Groceries,Headphones,3,1256.9,0.06,3544.458,PayPal,Delivered,2025,3
O-1449,3/25/2025,C-384,Ali Hassan,North,Other,Rice Bag,1,761.89,0.10,685.701,PayPal,Returned,2025,3
O-1450,3/26/2025,C-823,Unknown,North,Clothing,Sofa,2,1744.6,0.07,3244.956,Cash,Pending,2025,3
O-1451,,C-559,Ali Hassan,South,Furnitre,Table,3,1039.38,0.18,2556.8748,Bank Transfer,Pending,,
O-1452,3/28/2025,C-132,Maria Garcia,West,Groceries,Headphones,5,513.21,0.21,2027.1795,PayPal,Returned,2025,3
O-1453,3/29/2025,C-405,Maria Garcia,West,Electronics,Rice Bag,5,429.15,0.20,1716.6,Cash,Returned,2025,3
O-1454,3/30/2025,C-248,Maria Garcia,East,Electronics,Headphones,10,31.08,0.28,223.776,Credit Card,Pending,2025,3
O-1456,4/1/2025,C-840,Maria Garcia,South,Electronics,T-Shirt,2,644.09,0.12,1133.5984,Bank Transfer,Cancelled,2025,4
O-1457,4/2/2025,C-358,John Doe,South,Groceries,T-Shirt,5,1410.92,0.30,4938.22,PayPal,Cancelled,2025,4
O-1458,4/3/2025,C-806,Jane Smith,East,Electronics,Rice Bag,7,1983.08,0.23,10688.8012,Credit Card,Pending,2025,4
O-1460,4/5/2025,C-523,Jane Smith,North,Furniture,Headphones,4,1955.75,0.01,7744.77,PayPal,Pending,2025,4
O-1461,4/6/2025,C-736,John Doe,West,Groceries,Rice Bag,2,566.27,0.16,951.3336,Bank Transfer,Pending,2025,4
O-1462,4/7/2025,C-617,Fatima Noor,East,Furniture,Headphones,3,1785.79,0.20,4285.896,Bank Transfer,Returned,2025,4
O-1463,4/8/2025,C-414,Maria Garcia,South,Furnitre,Rice Bag,9,1920.82,0.12,15212.8944,PayPal,Delivered,2025,4
O-1464,4/9/2025,C-619,Fatima Noor,South,Electronics,Sofa,7,1741.29,0.03,11823.3591,Credit Card,Returned,2025,4
O-1465,4/10/2025,C-779,Fatima Noor,West,Groceries,Laptop,10,529.62,0.15,4501.77,Credit Card,Returned,2025,4
O-1466,4/11/2025,C-905,Maria Garcia,East,Clothing,Sofa,7,1322.03,0.12,8143.7048,Cash,Pending,2025,4
O-1467,4/12/2025,C-678,John Doe,East,Furnitre,Laptop,5,915.16,0.04,4392.768,Cash,Delivered,2025,4
O-1468,4/13/2025,C-435,John Doe,North,Other,Rice Bag,3,1585.6,0.15,4043.28,Bank Transfer,Returned,2025,4
O-1470,4/15/2025,C-256,Ali Hassan,West,Furnitre,Sofa,8,1991.63,0.28,11471.7888,Bank Transfer,Pending,2025,4
O-1473,4/18/2025,C-475,Wei Chen,East,Groceries,Sofa,4,921.62,0.26,2727.9952,Credit Card,Cancelled,2025,4
O-1474,4/19/2025,C-222,John Doe,West,Groceries,T-Shirt,6,645.76,0.20,3099.648,Credit Card,Pending,2025,4
O-1475,4/20/2025,C-141,Jane Smith,East,Furnitre,Rice Bag,8,1850.88,0.07,13770.5472,Bank Transfer,Returned,2025,4
O-1476,,C-341,John Doe,North,Furniture,Rice Bag,6,1757.25,0.03,10227.195,Cash,Returned,,
O-1477,4/22/2025,C-629,Jane Smith,South,Furnitre,Table,4,739,0.18,2423.92,PayPal,Delivered,2025,4
O-1478,4/23/2025,C-921,Wei Chen,East,Furniture,Table,3,1522.22,0.14,3927.3276,PayPal,Delivered,2025,4
O-1479,4/24/2025,C-656,Wei Chen,South,Furnitre,T-Shirt,8,700.85,0.10,5046.12,Credit Card,Pending,2025,4
O-1480,4/25/2025,C-531,Ali Hassan,West,Electronics,Headphones,3,123.69,0.10,333.963,PayPal,Pending,2025,4
O-1481,4/26/2025,C-183,Fatima Noor,West,Groceries,Table,5,1750.72,0.29,6215.056,Bank Transfer,Delivered,2025,4
O-1482,4/27/2025,C-882,Jane Smith,North,Furniture,Rice Bag,10,1839.42,0.23,14163.534,Credit Card,Delivered,2025,4
O-1483,4/28/2025,C-142,Ali Hassan,South,Electronics,Rice Bag,7,415.52,0.27,2123.3072,Credit Card,Cancelled,2025,4
O-1484,4/29/2025,C-980,Wei Chen,North,Other,Sofa,4,335.52,0.11,1194.4512,PayPal,Cancelled,2025,4
O-1485,4/30/2025,C-350,Fatima Noor,North,Electronics,Laptop,9,746.25,0.04,6447.6,Cash,Returned,2025,4
O-1486,5/1/2025,C-548,Ali Hassan,East,Furniture,Headphones,7,262.84,0.15,1563.898,PayPal,Pending,2025,5
O-1487,,C-605,Fatima Noor,East,Furniture,Headphones,1,1047.43,0.15,890.3155,PayPal,Pending,,
O-1488,5/3/2025,C-955,Jane Smith,East,Furnitre,Headphones,3,1710,0.17,4257.9,Cash,Delivered,2025,5
O-1489,5/4/2025,C-232,Ali Hassan,West,Groceries,Sofa,10,886.91,0.14,7627.426,Cash,Pending,2025,5
O-1490,5/5/2025,C-966,Unknown,East,Furniture,Headphones,6,349.18,0.27,1529.4084,Credit Card,Returned,2025,5
O-1491,5/6/2025,C-782,Unknown,East,Furnitre,Sofa,8,1804.76,0.01,14293.6992,PayPal,Returned,2025,5
O-1492,5/7/2025,C-607,Jane Smith,South,Groceries,Table,3,1687.33,0.07,4707.6507,Credit Card,Cancelled,2025,5
O-1493,5/8/2025,C-458,Wei Chen,West,Clothing,Rice Bag,9,651.25,0.23,4513.1625,Cash,Cancelled,2025,5
O-1494,5/9/2025,C-860,Ali Hassan,North,Other,T-Shirt,6,825.53,0.07,4606.4574,Cash,Pending,2025,5
O-1495,5/10/2025,C-686,Unknown,North,Electronics,T-Shirt,7,745.56,0.05,4957.974,Bank Transfer,Pending,2025,5
O-1496,5/11/2025,C-692,Jane Smith,West,Clothing,Laptop,3,1586.79,0.07,4427.1441,PayPal,Returned,2025,5
O-1497,5/12/2025,C-993,Fatima Noor,South,Furniture,Rice Bag,6,1545.59,0.04,8902.5984,Credit Card,Pending,2025,5
O-1498,5/13/2025,C-681,Wei Chen,West,Other,Sofa,7,810.32,0.14,4878.1264,Cash,Returned,2025,5
O-1499,5/14/2025,C-506,Maria Garcia,West,Groceries,Sofa,9,73.6,0.02,649.152,Bank Transfer,Cancelled,2025,5
O-1374,1/9/2025,C-830,Unknown,North,Clothing,Table,7,1876.19,0.17,10900.6639,Bank Transfer,Pending,2025,1
O-1155,6/4/2024,C-424,Unknown,West,Clothing,Sofa,1,322.16,0.07,299.6088,Bank Transfer,Pending,2024,6
O-1104,4/14/2024,C-518,Unknown,East,Clothing,Laptop,7,1339.46,0.08,8626.1224,Bank Transfer,Delivered,2024,4
O-1394,1/29/2025,C-641,Unknown,East,Other,Rice Bag,8,1392.67,0.30,7798.952,Credit Card,Returned,2025,1
O-1068,3/9/2024,C-526,Unknown,East,Furnitre,T-Shirt,6,922.79,0.26,4097.1876,PayPal,Cancelled,2024,3
